word,inDoc,totalInDoc,ArgoUML,gwt_portlet,JavaClient,JGAP,Mars,Neuroph,JPMC,xUML,Maze,Wro4J,Junit
zoom,1,1,1,0,0,0,0,0,0,0,0,0,0
zig,1,1,0,0,0,0,0,0,0,0,1,0,0
zero,1,1,1,0,0,0,0,0,0,0,0,0,0
zag,1,1,0,0,0,0,0,0,0,0,1,0,0
yoga,1,1,0,0,0,0,1,0,0,0,0,0,0
xy,1,3,0,0,0,0,0,0,3,0,0,0,0
xor,2,2,0,0,0,1,0,1,0,0,0,0,0
xml,5,13,3,1,0,3,0,3,0,0,0,3,0
xmi,1,1,1,0,0,0,0,0,0,0,0,0,0
xdr,1,18,0,0,18,0,0,0,0,0,0,0,0
wrong,1,3,3,0,0,0,0,0,0,0,0,0,0
wro,1,14,0,0,0,0,0,0,0,0,0,14,0
writer,2,2,1,0,0,1,0,0,0,0,0,0,0
write,1,1,0,0,1,0,0,0,0,0,0,0,0
wrapper,1,1,0,0,0,0,0,0,0,0,0,1,0
world,1,2,0,2,0,0,0,0,0,0,0,0,0
workout,1,1,0,0,0,0,1,0,0,0,0,0,0
worker,1,3,0,0,0,3,0,0,0,0,0,0,0
work,1,2,0,0,0,0,2,0,0,0,0,0,0
wizard,3,17,1,0,0,0,2,14,0,0,0,0,0
wiz,1,14,14,0,0,0,0,0,0,0,0,0,0
window,3,24,1,0,0,0,22,1,0,0,0,0,0
wind,1,1,0,0,0,0,1,0,0,0,0,0,0
win,1,1,1,0,0,0,0,0,0,0,0,0,0
wildcard,1,2,0,0,0,0,0,0,0,0,0,2,0
wifi,1,4,0,0,4,0,0,0,0,0,0,0,0
widget,1,16,0,16,0,0,0,0,0,0,0,0,0
wi,1,1,0,0,1,0,0,0,0,0,0,0,0
weight,2,5,0,0,0,1,0,4,0,0,0,0,0
web,1,2,0,2,0,0,0,0,0,0,0,0,0
weather,1,1,0,0,0,0,1,0,0,0,0,0,0
waypoint,1,1,0,0,1,0,0,0,0,0,0,0,0
waveform,1,2,0,0,2,0,0,0,0,0,0,0,0
wave,1,1,0,0,0,0,0,0,0,0,1,0,0
water,1,4,0,0,0,0,4,0,0,0,0,0,0
watchman,1,1,0,0,0,0,0,0,0,0,0,0,1
watcher,1,1,0,0,0,0,0,0,0,0,0,0,1
watch,1,1,0,0,0,0,0,0,0,0,0,1,0
wall,1,3,0,0,0,0,0,0,0,0,3,0,0
wai,1,1,0,0,0,1,0,0,0,0,0,0,0
void,1,1,0,0,1,0,0,0,0,0,0,0,0
visual,1,1,0,0,0,1,0,0,0,0,0,0,0
visibl,1,4,4,0,0,0,0,0,0,0,0,0,0
violat,2,2,1,0,0,0,0,0,0,0,0,0,1
viewer,1,1,0,0,0,0,0,0,0,0,1,0,0
view,3,7,1,0,0,0,0,3,0,0,3,0,0
vi,1,1,1,0,0,0,0,0,0,0,0,0,0
vertic,1,3,0,0,0,0,0,0,3,0,0,0,0
vertex,2,4,3,0,0,0,0,1,0,0,0,0,0
version,1,1,0,0,0,0,0,0,0,0,0,0,1
verifi,1,1,0,0,0,0,0,0,0,0,0,0,1
veloc,1,3,0,0,3,0,0,0,0,0,0,0,0
vel,1,3,0,0,3,0,0,0,0,0,0,0,0
vehicl,1,43,0,0,0,0,43,0,0,0,0,0,0
vector,4,5,1,0,1,0,0,1,2,0,0,0,0
vecmov,1,1,0,0,1,0,0,0,0,0,0,0,0
variabl,2,3,0,0,0,1,0,0,0,0,0,2,0
valu,6,15,5,0,0,3,2,0,2,0,0,1,2
valid,2,6,0,0,0,1,0,0,0,0,0,0,5
uuid,1,1,1,0,0,0,0,0,0,0,0,0,0
util,7,26,5,2,1,0,12,2,1,0,0,3,0
usg,1,1,0,0,0,0,1,0,0,0,0,0,0
user,3,6,1,0,0,0,0,0,4,0,0,0,1
useless,1,1,1,0,0,0,0,0,0,0,0,0,0
usag,1,2,2,0,0,0,0,0,0,0,0,0,0
url,1,3,0,0,0,0,0,0,0,0,0,3,0
uri,1,7,0,0,0,0,0,0,0,0,0,7,0
upstream,1,1,1,0,0,0,0,0,0,0,0,0,0
updat,2,2,1,0,0,0,1,0,0,0,0,0,0
unsupport,1,1,0,0,0,1,0,0,0,0,0,0,0
unsupervis,1,4,0,0,0,0,0,4,0,0,0,0,0
unnavig,1,1,1,0,0,0,0,0,0,0,0,0,0
unload,1,2,0,0,0,0,2,0,0,0,0,0,0
unit,4,46,0,0,0,0,32,0,1,1,0,0,12
union,1,1,0,0,1,0,0,0,0,0,0,0,0
uniform,1,1,0,0,0,0,0,0,1,0,0,0,0
undo,2,2,1,1,0,0,0,0,0,0,0,0,0
unconvent,1,4,4,0,0,0,0,0,0,0,0,0,0
unclos,1,1,0,0,0,0,0,0,0,0,0,1,0
unauthor,1,1,0,0,0,0,0,0,0,0,0,1,0
uml,1,105,105,0,0,0,0,0,0,0,0,0,0
ui,1,1,0,0,0,0,1,0,0,0,0,0,0
type,7,57,15,0,0,1,31,4,0,3,0,1,2
twister,1,1,0,0,0,0,1,0,0,0,0,0,0
truth,1,1,0,0,0,1,0,0,0,0,0,0,0
trigger,1,2,2,0,0,0,0,0,0,0,0,0,0
tremaux,1,1,0,0,0,0,0,0,0,0,1,0,0
tree,4,22,14,0,0,5,0,1,2,0,0,0,0
treatment,1,9,0,0,0,0,9,0,0,0,0,0,0
travel,1,2,0,0,0,0,2,0,0,0,0,0,0
trash,1,3,3,0,0,0,0,0,0,0,0,0,0
trapezoid,1,1,0,0,0,0,0,1,0,0,0,0,0
transport,1,1,0,0,0,0,1,0,0,0,0,0,0
transit,2,9,8,0,0,0,0,0,0,1,0,0,0
transform,1,1,0,0,0,0,0,0,0,0,0,1,0
transfer,2,3,0,0,0,1,0,2,0,0,0,0,0
tran,1,8,8,0,0,0,0,0,0,0,0,0,0
train,1,13,0,0,0,0,0,13,0,0,0,0,0
trail,1,1,0,0,0,0,1,0,0,0,0,0,0
trader,1,1,0,0,0,0,1,0,0,0,0,0,0
trade,1,8,0,0,0,0,8,0,0,0,0,0,0
tracker,1,1,0,0,0,0,0,0,0,0,1,0,0
trace,1,1,1,0,0,0,0,0,0,0,0,0,0
town,1,2,0,2,0,0,0,0,0,0,0,0,0
tow,1,1,0,0,0,0,1,0,0,0,0,0,0
tournament,1,1,0,0,0,1,0,0,0,0,0,0,0
topo,1,1,0,0,0,0,1,0,0,0,0,0,0
top,1,1,1,0,0,0,0,0,0,0,0,0,0
toolkit,1,1,0,0,0,0,0,0,0,0,0,1,0
tool,5,15,2,1,1,0,6,0,5,0,0,0,0
token,1,9,9,0,0,0,0,0,0,0,0,0,0
toggl,1,2,0,0,0,0,2,0,0,0,0,0,0
tm,1,1,1,0,0,0,0,0,0,0,0,0,0
titl,2,9,0,5,0,0,0,0,4,0,0,0,0
timer,2,2,0,0,0,0,1,0,0,1,0,0,0
timeout,1,2,0,0,0,0,0,0,0,0,0,0,2
time,1,33,0,0,0,0,33,0,0,0,0,0,0
ticker,1,4,0,0,0,0,0,0,4,0,0,0,0
tick,1,1,0,0,0,0,0,0,1,0,0,0,0
throwabl,2,4,1,0,0,0,0,0,0,0,0,0,3
threshold,2,2,0,0,0,1,0,1,0,0,0,0,0
thread,2,2,0,0,0,0,1,0,0,0,0,1,0
third,1,1,1,0,0,0,0,0,0,0,0,0,0
thermal,1,1,0,0,0,0,1,0,0,0,0,0,0
theori,1,2,0,0,0,0,0,0,0,0,0,0,2
theme,3,7,3,3,0,0,1,0,0,0,0,0,0
text,3,15,13,0,0,0,0,0,1,0,0,0,1
test,5,58,0,1,0,0,28,0,0,1,0,1,27
terrain,1,2,0,0,0,0,2,0,0,0,0,0,0
termin,1,3,0,0,0,3,0,0,0,0,0,0,0
tend,1,1,0,0,0,0,1,0,0,0,0,0,0
temporari,1,1,0,0,0,0,0,0,0,0,0,0,1
templat,2,21,0,0,0,0,7,0,0,0,14,0,0
temperatur,1,4,0,0,0,0,4,0,0,0,0,0,0
temp,1,1,0,0,0,0,1,0,0,0,0,0,0
technician,1,1,0,0,0,0,1,0,0,0,0,0,0
tech,1,4,0,0,0,0,4,0,0,0,0,0,0
teach,1,1,0,0,0,0,1,0,0,0,0,0,0
task,1,3,0,0,0,0,3,0,0,0,0,0,0
target,1,3,3,0,0,0,0,0,0,0,0,0,0
tanh,1,1,0,0,0,0,0,1,0,0,0,0,0
tag,3,7,5,0,1,0,0,0,0,0,0,1,0
tabl,5,67,37,0,0,1,23,1,5,0,0,0,0
tab,2,63,24,0,0,0,39,0,0,0,0,0,0
system,4,9,1,0,0,0,0,0,6,1,0,0,1
synchron,1,1,0,0,0,0,0,0,0,0,0,0,1
sync,1,1,0,1,0,0,0,0,0,0,0,0,0
switch,1,6,0,0,0,0,0,0,0,6,0,0,0
swing,2,2,0,0,0,0,0,1,1,0,0,0,0
swap,1,1,0,0,0,1,0,0,0,0,0,0,0
svg,1,2,0,0,0,0,2,0,0,0,0,0,0
surfac,1,1,0,0,0,0,1,0,0,0,0,0,0
surf,1,1,0,0,0,0,1,0,0,0,0,0,0
support,2,4,0,0,0,0,3,0,0,0,0,1,0
supplier,2,8,2,0,0,0,0,0,0,0,0,0,6
supervis,1,7,0,0,0,0,0,7,0,0,0,0,0
supergen,1,1,0,0,0,1,0,0,0,0,0,0,0
sum,1,4,0,0,0,0,0,4,0,0,0,0,0
suit,2,7,0,0,0,0,1,0,0,0,0,0,6
suffix,1,1,1,0,0,0,0,0,0,0,0,0,0
subtract,1,1,0,0,0,1,0,0,0,0,0,0,0
subject,1,1,0,0,0,0,0,0,0,0,1,0,0
subclass,1,2,2,0,0,0,0,0,0,0,0,0,0
sub,2,3,2,0,0,1,0,0,0,0,0,0,0
style,1,8,8,0,0,0,0,0,0,0,0,0,0
studi,1,20,0,0,0,0,20,0,0,0,0,0,0
student,1,1,0,0,0,0,0,1,0,0,0,0,0
structur,2,2,1,0,0,0,1,0,0,0,0,0,0
stroke,1,2,0,0,0,0,0,0,2,0,0,0,0
stripper,1,4,0,0,0,0,0,0,0,0,0,4,0
string,5,5,1,1,1,1,0,0,0,0,0,1,0
stress,1,3,0,0,0,0,3,0,0,0,0,0,0
stream,3,13,4,0,4,0,0,0,0,0,0,5,0
strategi,1,4,0,0,0,0,0,0,0,0,0,4,0
straight,1,1,0,0,0,0,0,0,0,0,1,0,0
str,1,1,1,0,0,0,0,0,0,0,0,0,0
store,3,4,1,0,0,2,1,0,0,0,0,0,0
storag,1,16,0,0,0,0,16,0,0,0,0,0,0
stopwatch,1,1,0,0,0,0,0,0,0,0,0,0,1
stop,3,3,0,0,1,0,0,0,0,0,0,1,1
stock,1,1,0,0,0,1,0,0,0,0,0,0,0
stimulu,1,10,10,0,0,0,0,0,0,0,0,0,0
stimuli,1,1,1,0,0,0,0,0,0,0,0,0,0
stereotyp,1,6,6,0,0,0,0,0,0,0,0,0,0
step,3,9,6,0,0,0,0,2,0,0,1,0,0
statu,1,2,2,0,0,0,0,0,0,0,0,0,0
statist,2,2,1,0,0,0,0,0,1,0,0,0,0
station,1,1,0,0,0,0,1,0,0,0,0,0,0
statement,2,4,1,0,0,0,0,0,0,0,0,0,3
state,4,59,50,0,3,0,0,0,0,5,1,0,0
stat,1,2,0,0,0,0,0,0,0,0,2,0,0
starvat,1,2,0,0,0,0,2,0,0,0,0,0,0
starter,1,1,0,0,0,0,1,0,0,0,0,0,0
start,2,9,2,0,0,0,7,0,0,0,0,0,0
standard,3,4,1,0,0,0,1,0,2,0,0,0,0
standalon,1,3,0,0,0,0,0,0,0,0,0,3,0
stagger,1,1,0,0,0,0,0,0,0,0,1,0,0
stage,1,4,0,0,0,0,4,0,0,0,0,0,0
stacktrac,1,1,0,0,0,0,0,0,0,0,0,0,1
stack,1,1,0,1,0,0,0,0,0,0,0,0,0
src,1,6,6,0,0,0,0,0,0,0,0,0,0
squar,1,1,0,0,0,0,0,1,0,0,0,0,0
sqr,1,1,0,0,0,0,0,1,0,0,0,0,0
splitter,1,3,3,0,0,0,0,0,0,0,0,0,0
split,1,2,2,0,0,0,0,0,0,0,0,0,0
splash,2,2,1,0,0,0,1,0,0,0,0,0,0
spinner,1,1,0,0,0,0,0,0,0,0,1,0,0
speed,2,11,0,0,9,0,2,0,0,0,0,0,0
speech,1,4,0,0,4,0,0,0,0,0,0,0,0
specimen,1,1,0,0,0,0,1,0,0,0,0,0,0
specif,1,1,0,0,0,0,0,0,0,0,0,0,1
spawnabl,1,1,1,0,0,0,0,0,0,0,0,0,0
spacer,2,2,1,1,0,0,0,0,0,0,0,0,0
sp,1,1,1,0,0,0,0,0,0,0,0,0,0
sourc,4,24,4,4,0,0,9,0,7,0,0,0,0
sound,1,2,0,0,2,0,0,0,0,0,0,0,0
sorter,2,3,0,0,0,0,1,0,0,0,0,0,2
sortabl,1,2,0,0,0,0,0,0,2,0,0,0,0
sort,3,3,1,0,0,0,0,0,1,0,0,0,1
sonar,1,4,0,0,4,0,0,0,0,0,0,0,0
solar,1,2,0,0,0,0,2,0,0,0,0,0,0
social,1,1,0,0,0,0,1,0,0,0,0,0,0
snooz,1,3,3,0,0,0,0,0,0,0,0,0,0
smart,1,1,0,0,0,0,0,0,0,0,0,1,0
slot,1,1,0,0,0,1,0,0,0,0,0,0,0
sleep,1,1,0,0,0,0,1,0,0,0,0,0,0
skill,1,10,0,0,0,0,10,0,0,0,0,0,0
size,3,5,0,1,0,0,2,0,0,0,2,0,0
site,1,10,0,0,0,0,10,0,0,0,0,0,0
singleton,1,2,2,0,0,0,0,0,0,0,0,0,0
singl,1,1,0,0,0,0,0,0,0,0,0,1,0
sine,1,1,0,0,0,1,0,0,0,0,0,0,0
simul,2,11,0,0,4,0,7,0,0,0,0,0,0
simu,1,2,0,0,0,0,2,0,0,0,0,0,0
simpl,2,4,2,2,0,0,0,0,0,0,0,0,0
sim,1,2,0,0,0,0,2,0,0,0,0,0,0
signatur,2,2,0,0,0,0,0,0,0,1,0,0,1
signal,2,2,1,0,0,0,0,0,0,1,0,0,0
sigmoid,1,2,0,0,0,0,0,2,0,0,0,0,0
sickbai,1,2,0,0,0,0,2,0,0,0,0,0,0
sick,1,1,0,0,0,0,1,0,0,0,0,0,0
show,1,4,4,0,0,0,0,0,0,0,0,0,0
sharp,1,1,0,0,0,0,0,0,1,0,0,0,0
share,1,2,2,0,0,0,0,0,0,0,0,0,0
shallow,1,1,1,0,0,0,0,0,0,0,0,0,0
shadow,1,1,0,1,0,0,0,0,0,0,0,0,0
shade,1,1,0,0,0,0,1,0,0,0,0,0,0
sha,1,1,0,0,0,0,0,0,0,0,0,1,0
sgn,1,1,0,0,0,0,0,1,0,0,0,0,0
sever,1,2,0,0,0,0,2,0,0,0,0,0,0
setup,1,1,0,0,0,0,0,0,0,0,0,0,1
settlement,1,28,0,0,0,0,28,0,0,0,0,0,0
setposit,1,1,0,0,1,0,0,0,0,0,0,0,0
setpos,1,1,0,0,1,0,0,0,0,0,0,0,0
set,5,31,13,0,8,1,0,7,2,0,0,0,0
servlet,1,4,0,0,0,0,0,0,0,0,0,4,0
servic,2,4,0,2,0,0,2,0,0,0,0,0,0
serious,1,2,0,0,0,0,2,0,0,0,0,0,0
serial,1,1,1,0,0,0,0,0,0,0,0,0,0
sequenc,1,6,6,0,0,0,0,0,0,0,0,0,0
seq,1,9,9,0,0,0,0,0,0,0,0,0,0
semicolon,1,1,0,0,0,0,0,0,0,0,0,1,0
selector,4,9,0,0,0,6,1,0,1,0,0,1,0
select,3,21,19,1,0,1,0,0,0,0,0,0,0
segment,1,1,0,0,1,0,0,0,0,0,0,0,0
secur,1,2,2,0,0,0,0,0,0,0,0,0,0
section,1,1,0,1,0,0,0,0,0,0,0,0,0
sect,1,1,0,0,0,0,0,0,1,0,0,0,0
secondari,1,1,0,0,0,0,0,0,0,1,0,0,0
search,1,1,0,0,0,0,1,0,0,0,0,0,0
script,1,4,0,0,0,0,0,0,0,0,4,0,0
screen,1,1,1,0,0,0,0,0,0,0,0,0,0
scope,1,1,0,0,0,0,0,1,0,0,0,0,0
scientif,1,6,0,0,0,0,6,0,0,0,0,0,0
scienc,1,5,0,0,0,0,5,0,0,0,0,0,0
scanpos,1,1,0,0,1,0,0,0,0,0,0,0,0
sax,1,1,1,0,0,0,0,0,0,0,0,0,0
sampler,1,1,0,0,0,0,0,1,0,0,0,0,0
sampl,3,11,0,0,0,0,1,7,3,0,0,0,0
salvag,1,15,0,0,0,0,15,0,0,0,0,0,0
salesman,1,2,0,0,0,2,0,0,0,0,0,0,0
safe,1,2,0,0,0,0,0,0,0,0,0,0,2
safari,1,1,0,1,0,0,0,0,0,0,0,0,0
runner,1,11,0,0,0,0,0,0,0,0,0,0,11
rung,1,1,0,0,0,0,0,0,0,0,1,0,0
run,1,6,0,0,0,0,0,0,0,0,0,0,6
rule,2,5,0,0,0,0,0,3,0,0,0,0,2
rpc,1,1,0,0,1,0,0,0,0,0,0,0,0
row,2,8,0,7,0,0,0,1,0,0,0,0,0
rover,1,10,0,0,0,0,10,0,0,0,0,0,0
roulett,1,1,0,0,0,1,0,0,0,0,0,0,0
root,2,4,3,0,0,1,0,0,0,0,0,0,0
role,1,8,8,0,0,0,0,0,0,0,0,0,0
robot,1,9,0,0,0,0,0,0,0,0,9,0,0
roadi,1,2,0,0,0,0,0,0,0,0,0,0,2
rgb,1,1,0,0,0,0,0,1,0,0,0,0,0
rfid,1,3,0,0,3,0,0,0,0,0,0,0,0
rewrit,1,2,0,0,0,0,0,0,0,0,0,2,0
rewind,1,1,0,0,1,0,0,0,0,0,0,0,0
review,1,1,0,0,0,0,1,0,0,0,0,0,0
return,2,4,3,0,1,0,0,0,0,0,0,0,0
retainaid,1,2,0,0,0,0,2,0,0,0,0,0,0
resuppli,1,13,0,0,0,0,13,0,0,0,0,0,0
result,4,9,1,0,0,1,1,0,0,0,0,0,6
ressupli,1,2,0,0,0,0,2,0,0,0,0,0,0
respond,1,1,0,0,0,0,1,0,0,0,0,0,0
resourc,5,76,33,0,0,0,37,0,1,0,0,4,1
resolv,2,4,3,0,0,0,1,0,0,0,0,0,0
resiz,2,2,1,1,0,0,0,0,0,0,0,0,0
resid,1,1,1,0,0,0,0,0,0,0,0,0,0
reset,1,3,0,0,3,0,0,0,0,0,0,0,0
research,1,10,0,0,0,0,10,0,0,0,0,0,0
rescu,1,1,0,0,0,0,1,0,0,0,0,0,0
requir,1,2,0,0,0,0,2,0,0,0,0,0,0
request,4,8,0,1,0,1,0,0,0,0,0,2,4
req,2,28,1,0,27,0,0,0,0,0,0,0,0
represent,2,2,1,0,0,1,0,0,0,0,0,0,0
report,1,1,0,0,0,0,0,0,0,0,0,0,1
replac,1,1,0,1,0,0,0,0,0,0,0,0,0
repeat,1,1,0,0,0,0,0,0,0,0,0,0,1
repair,1,11,0,0,0,0,11,0,0,0,0,0,0
rendezv,1,1,0,0,0,0,1,0,0,0,0,0,0
render,5,19,11,0,0,2,2,1,3,0,0,0,0
renam,1,1,0,0,0,0,0,1,0,0,0,0,0
remov,2,2,1,0,0,1,0,0,0,0,0,0,0
rememb,1,1,0,0,0,0,0,0,0,0,0,0,1
remain,1,1,0,0,0,0,0,0,0,0,0,0,1
relax,1,1,0,0,0,0,1,0,0,0,0,0,0
relationship,1,7,0,0,0,0,7,0,0,0,0,0,0
relat,1,1,1,0,0,0,0,0,0,0,0,0,0
regolith,1,2,0,0,0,0,2,0,0,0,0,0,0
registri,2,3,2,0,0,0,1,0,0,0,0,0,0
refresh,1,3,0,3,0,0,0,0,0,0,0,0,0
reflect,2,3,2,0,0,0,0,0,0,0,0,0,1
referenti,1,1,0,0,0,0,0,0,0,1,0,0,0
refer,1,1,1,0,0,0,0,0,0,0,0,0,0
redo,1,1,1,0,0,0,0,0,0,0,0,0,0
recurs,1,1,0,0,0,0,0,0,0,0,0,1,0
rectangl,1,1,0,1,0,0,0,0,0,0,0,0,0
rect,1,3,3,0,0,0,0,0,0,0,0,0,0
recreat,1,3,0,0,0,0,3,0,0,0,0,0,0
recoveri,1,2,0,0,0,0,2,0,0,0,0,0,0
record,1,1,0,1,0,0,0,0,0,0,0,0,0
recommend,1,1,0,0,0,0,0,1,0,0,0,0,0
recognit,3,7,1,0,2,0,0,4,0,0,0,0,0
recogn,1,2,2,0,0,0,0,0,0,0,0,0,0
reason,1,1,0,0,0,0,0,1,0,0,0,0,0
realiz,1,3,3,0,0,0,0,0,0,0,0,0,0
reader,1,1,0,0,0,1,0,0,0,0,0,0,0
read,3,4,0,0,2,1,0,0,0,0,0,0,1
rbf,1,2,0,0,0,0,0,2,0,0,0,0,0
ratio,1,2,0,0,0,0,2,0,0,0,0,0,0
rate,2,9,0,0,0,3,6,0,0,0,0,0,0
rapid,1,1,1,0,0,0,0,0,0,0,0,0,0
rank,1,1,0,0,0,0,0,0,1,0,0,0,0
random,2,5,0,0,0,3,2,0,0,0,0,0,0
ramp,1,1,0,0,0,0,0,1,0,0,0,0,0
radio,2,2,1,0,0,0,0,0,0,0,1,0,0
queri,1,1,1,0,0,0,0,0,0,0,0,0,0
python,1,1,0,0,0,0,0,0,0,0,1,0,0
push,1,1,0,0,0,1,0,0,0,0,0,0,0
punctuat,1,1,1,0,0,0,0,0,0,0,0,0,0
pump,1,1,1,0,0,0,0,0,0,0,0,0,0
ptz,1,6,0,0,6,0,0,0,0,0,0,0,0
pseudost,1,4,4,0,0,0,0,0,0,0,0,0,0
provid,2,13,1,12,0,0,0,0,0,0,0,0,0
prospect,1,1,0,0,0,0,1,0,0,0,0,0,0
propos,1,1,0,0,0,0,1,0,0,0,0,0,0
proportion,1,1,0,0,0,1,0,0,0,0,0,0,0
proport,1,1,1,0,0,0,0,0,0,0,0,0,0
properti,6,30,11,0,0,1,1,3,12,0,0,2,0
propag,1,1,0,0,0,0,0,1,0,0,0,0,0
prop,1,75,75,0,0,0,0,0,0,0,0,0,0
project,3,15,10,0,0,0,4,1,0,0,0,0,0
program,1,5,0,0,0,5,0,0,0,0,0,0,0
profit,1,1,0,0,0,0,1,0,0,0,0,0,0
profil,1,2,2,0,0,0,0,0,0,0,0,0,0
prof,1,3,0,0,3,0,0,0,0,0,0,0,0
product,1,1,0,0,0,0,0,1,0,0,0,0,0
processor,1,20,0,0,0,0,0,0,0,0,0,20,0
process,1,16,0,0,0,0,16,0,0,0,0,0,0
procedur,1,1,0,0,0,0,0,0,0,1,0,0,0
problem,2,4,0,0,0,2,2,0,0,0,0,0,0
probabl,1,4,0,0,0,0,4,0,0,0,0,0,0
prioriti,1,2,2,0,0,0,0,0,0,0,0,0,0
printer,1,1,0,0,0,0,0,0,0,0,0,0,1
printabl,1,1,0,0,0,0,0,0,0,0,0,0,1
print,2,2,1,0,0,0,0,0,0,0,0,0,1
primit,1,2,0,0,0,0,0,0,0,2,0,0,0
primari,2,4,0,0,0,0,0,0,0,3,1,0,0
pressur,1,2,0,0,0,0,2,0,0,0,0,0,0
prescrib,1,1,0,0,0,0,1,0,0,0,0,0,0
preload,1,1,1,0,0,0,0,0,0,0,0,0,0
prefer,2,3,2,0,0,0,1,0,0,0,0,0,0
predic,1,2,2,0,0,0,0,0,0,0,0,0,0
pred,1,7,7,0,0,0,0,0,0,0,0,0,0
pre,1,5,0,0,0,0,0,0,0,0,0,5,0
power,2,32,0,0,11,0,21,0,0,0,0,0,0
pow,1,1,0,0,0,1,0,0,0,0,0,0,0
potenti,1,1,0,0,0,0,0,0,0,0,0,0,1
possibl,1,1,0,0,0,0,0,0,0,0,0,0,1
posit,3,52,1,1,50,0,0,0,0,0,0,0,0
pose,1,5,0,0,5,0,0,0,0,0,0,0,0
portlet,1,22,0,22,0,0,0,0,0,0,0,0,0
portfolio,1,9,0,0,0,0,0,0,9,0,0,0,0
port,1,1,1,0,0,0,0,0,0,0,0,0,0
popup,1,1,0,1,0,0,0,0,0,0,0,0,0
popul,3,7,0,0,0,4,1,0,2,0,0,0,0
pop,1,1,0,0,0,1,0,0,0,0,0,0,0
pool,1,2,0,0,0,2,0,0,0,0,0,0,0
poli,1,1,1,0,0,0,0,0,0,0,0,0,0
point,4,10,5,0,2,0,2,0,0,0,0,0,1
po,1,3,0,0,3,0,0,0,0,0,0,0,0
plugin,2,4,0,0,0,1,0,3,0,0,0,0,0
plot,1,14,0,0,0,0,0,0,14,0,0,0,0
player,2,153,0,0,152,0,1,0,0,0,0,0,0
planner,1,5,0,0,5,0,0,0,0,0,0,0,0
placehold,1,2,0,2,0,0,0,0,0,0,0,0,0
piec,1,12,12,0,0,0,0,0,0,0,0,0,0
pie,2,3,0,0,0,0,2,0,1,0,0,0,0
pid,1,7,0,0,7,0,0,0,0,0,0,0,0
pi,1,1,0,0,1,0,0,0,0,0,0,0,0
physicist,1,1,0,0,0,0,1,0,0,0,0,0,0
physic,1,1,0,0,0,0,1,0,0,0,0,0,0
phase,1,8,0,0,0,0,8,0,0,0,0,0,0
pgml,1,1,1,0,0,0,0,0,0,0,0,0,0
perspect,1,2,2,0,0,0,0,0,0,0,0,0,0
person,1,22,0,0,0,0,22,0,0,0,0,0,0
persist,1,3,0,0,0,0,0,0,0,3,0,0,0
permut,1,1,0,0,0,1,0,0,0,0,0,0,0
perform,1,5,0,0,0,0,5,0,0,0,0,0,0
perf,1,3,0,3,0,0,0,0,0,0,0,0,0
perceptron,1,6,0,0,0,0,0,6,0,0,0,0,0
percentag,1,2,0,0,0,0,2,0,0,0,0,0,0
percent,1,2,0,0,0,0,2,0,0,0,0,0,0
peopl,1,3,0,0,0,0,3,0,0,0,0,0,0
peg,1,3,0,0,0,0,0,0,0,0,3,0,0
peer,1,1,0,0,0,0,1,0,0,0,0,0,0
pd,2,2,0,0,1,0,1,0,0,0,0,0,0
pattern,1,1,1,0,0,0,0,0,0,0,0,0,0
path,1,1,0,0,0,0,0,0,0,0,1,0,0
particl,1,2,0,0,2,0,0,0,0,0,0,0,0
parti,1,1,1,0,0,0,0,0,0,0,0,0,0
part,1,35,0,0,0,0,35,0,0,0,0,0,0
parser,3,10,8,0,0,0,0,1,0,0,0,0,1
pars,2,3,2,0,0,0,0,0,0,0,0,0,1
parent,2,2,1,0,0,0,0,0,0,0,0,0,1
parameter,1,2,0,0,0,0,0,0,0,0,0,0,2
paramet,3,9,2,0,0,0,0,0,0,2,0,0,5
param,2,2,1,0,0,0,0,0,0,0,0,0,1
parallel,1,1,0,0,0,0,0,0,0,0,0,0,1
paper,1,1,0,0,0,0,1,0,0,0,0,0,0
panel,6,188,70,12,0,0,90,3,12,0,1,0,0
pane,2,8,6,0,0,0,2,0,0,0,0,0,0
pair,1,1,1,0,0,0,0,0,0,0,0,0,0
painter,1,3,0,0,0,0,0,0,0,0,3,0,0
paint,1,1,0,0,0,0,0,0,1,0,0,0,0
page,2,19,0,15,0,0,0,0,0,0,4,0,0
packag,3,25,8,0,0,0,10,0,0,7,0,0,0
pack,1,1,1,0,0,0,0,0,0,0,0,0,0
oxygen,1,4,0,0,0,0,4,0,0,0,0,0,0
overlap,1,1,1,0,0,0,0,0,0,0,0,0,0
overlai,1,1,0,1,0,0,0,0,0,0,0,0,0
outstar,1,3,0,0,0,0,0,3,0,0,0,0,0
output,3,4,0,0,0,0,2,1,0,0,0,1,0
outgo,1,2,2,0,0,0,0,0,0,0,0,0,0
outer,1,1,1,0,0,0,0,0,0,0,0,0,0
os,1,1,1,0,0,0,0,0,0,0,0,0,0
orient,1,1,1,0,0,0,0,0,0,0,0,0,0
order,1,1,1,0,0,0,0,0,0,0,0,0,0
orbit,1,1,0,0,0,0,1,0,0,0,0,0,0
oper,4,29,17,0,0,8,2,0,0,2,0,0,0
opaqu,1,2,0,0,2,0,0,0,0,0,0,0,0
op,1,1,0,0,0,0,0,0,0,0,0,1,0
onli,1,1,1,0,0,0,0,0,0,0,0,0,0
ongo,1,1,0,0,0,0,1,0,0,0,0,0,0
onc,1,1,0,0,1,0,0,0,0,0,0,0,0
old,1,1,0,0,0,0,0,0,0,0,0,0,1
oja,1,1,0,0,0,0,0,1,0,0,0,0,0
offset,1,1,0,0,0,1,0,0,0,0,0,0,0
odom,1,6,0,0,6,0,0,0,0,0,0,0,0
ocl,1,7,7,0,0,0,0,0,0,0,0,0,0
observ,2,7,0,0,0,0,5,2,0,0,0,0,0
object,4,15,11,0,0,0,1,0,1,2,0,0,0
number,3,7,0,0,0,1,1,0,5,0,0,0,0
null,1,1,0,0,0,0,0,0,0,0,0,0,1
notifi,2,4,1,0,0,0,0,0,0,0,0,0,3
note,1,4,4,0,0,0,0,0,0,0,0,0,0
notat,1,10,10,0,0,0,0,0,0,0,0,0,0
nop,1,1,0,0,0,1,0,0,0,0,0,0,0
non,2,2,1,0,0,0,0,0,0,1,0,0,0
node,4,37,33,0,0,2,0,1,0,1,0,0,0
nn,1,1,0,0,0,0,0,1,0,0,0,0,0
nfr,1,2,0,0,0,0,0,2,0,0,0,0,0
newspap,1,1,1,0,0,0,0,0,0,0,0,0,0
neuron,1,16,0,0,0,0,0,16,0,0,0,0,0
neuro,1,1,0,0,0,0,0,1,0,0,0,0,0
neural,1,7,0,0,0,0,0,7,0,0,0,0,0
network,2,17,0,0,0,1,0,16,0,0,0,0,0
net,1,1,0,0,0,0,0,1,0,0,0,0,0
negoti,1,1,0,0,0,0,1,0,0,0,0,0,0
navpoint,1,3,0,0,0,0,3,0,0,0,0,0,0
navig,2,11,9,0,0,0,2,0,0,0,0,0,0
nav,2,6,4,0,0,0,2,0,0,0,0,0,0
natur,2,6,0,0,0,1,5,0,0,0,0,0,0
namespac,1,4,4,0,0,0,0,0,0,0,0,0,0
name,4,42,22,0,0,0,16,0,0,0,0,3,1
mutat,2,6,0,0,0,5,0,0,1,0,0,0,0
mutabl,1,1,1,0,0,0,0,0,0,0,0,0,0
multipli,1,2,0,0,0,2,0,0,0,0,0,0,0
multipl,2,11,9,0,0,0,0,0,0,0,0,0,2
multi,3,5,2,0,0,0,0,2,0,0,0,1,0
msg,1,1,0,0,1,0,0,0,0,0,0,0,0
move,3,3,1,1,0,0,0,0,1,0,0,0,0
mous,1,2,2,0,0,0,0,0,0,0,0,0,0
monitor,2,3,0,0,0,0,2,1,0,0,0,0,0
momentum,1,1,0,0,0,0,0,1,0,0,0,0,0
modulo,1,1,0,0,0,1,0,0,0,0,0,0,0
modular,1,1,0,0,0,0,0,1,0,0,0,0,0
modul,2,5,3,0,0,0,2,0,0,0,0,0,0
modifi,2,4,3,0,0,0,0,0,0,0,1,0,0
model,7,139,97,0,0,0,20,1,6,4,7,4,0
mode,3,11,3,0,7,0,0,1,0,0,0,0,0
mock,1,5,0,0,0,0,5,0,0,0,0,0,0
mobil,1,1,0,0,0,0,1,0,0,0,0,0,0
mm,1,3,3,0,0,0,0,0,0,0,0,0,0
ml,1,1,0,0,0,0,0,1,0,0,0,0,0
mixer,1,1,0,0,1,0,0,0,0,0,0,0,0
mission,1,30,0,0,0,0,30,0,0,0,0,0,0
miss,1,4,4,0,0,0,0,0,0,0,0,0,0
mismatch,1,1,1,0,0,0,0,0,0,0,0,0,0
minifi,1,2,0,0,0,0,0,0,0,0,0,2,0
miner,1,10,0,0,0,0,10,0,0,0,0,0,0
mind,1,1,0,0,0,0,1,0,0,0,0,0,0
min,3,9,0,0,0,0,4,1,0,0,0,4,0
method,3,11,1,0,0,1,0,0,0,0,0,0,9
meteorologist,1,1,0,0,0,0,1,0,0,0,0,0,0
metal,1,1,1,0,0,0,0,0,0,0,0,0,0
metaclass,1,2,2,0,0,0,0,0,0,0,0,0,0
meta,2,3,0,1,0,2,0,0,0,0,0,0,0
messag,2,8,7,0,0,0,0,0,0,0,0,0,1
mersenn,1,1,0,0,0,0,1,0,0,0,0,0,0
merger,1,1,0,0,0,1,0,0,0,0,0,0,0
merg,1,1,1,0,0,0,0,0,0,0,0,0,0
menu,3,14,10,3,0,0,1,0,0,0,0,0,0
memori,2,4,0,2,0,2,0,0,0,0,0,0,0
member,3,7,3,0,0,0,2,0,0,0,0,0,2
medic,1,25,0,0,0,0,25,0,0,0,0,0,0
mech,1,1,1,0,0,0,0,0,0,0,0,0,0
mean,1,1,0,0,0,1,0,0,0,0,0,0,0
meal,1,3,0,0,0,0,3,0,0,0,0,0,0
md,1,1,0,0,0,0,0,0,0,0,0,1,0
mcom,1,3,0,0,3,0,0,0,0,0,0,0,0
mcgrandom,1,1,0,0,0,1,0,0,0,0,0,0,0
mbti,1,2,0,0,0,0,2,0,0,0,0,0,0
maze,1,17,0,0,0,0,0,0,0,0,17,0,0
maxnet,1,1,0,0,0,0,0,1,0,0,0,0,0
max,3,6,0,0,0,0,2,2,0,0,0,0,2
mathematician,1,1,0,0,0,0,1,0,0,0,0,0,0
mathemat,1,1,0,0,0,0,1,0,0,0,0,0,0
math,1,1,0,0,0,1,0,0,0,0,0,0,0
materi,2,2,1,0,0,0,1,0,0,0,0,0,0
matcher,1,7,0,0,0,0,0,0,0,0,0,0,7
master,3,5,0,0,0,3,1,0,0,0,1,0,0
mass,1,2,0,0,0,0,2,0,0,0,0,0,0
mar,1,16,0,0,0,0,16,0,0,0,0,0,0
map,4,25,0,0,4,1,19,0,0,0,0,1,0
manufactur,1,13,0,0,0,0,13,0,0,0,0,0,0
manipul,1,1,1,0,0,0,0,0,0,0,0,0,0
mani,1,8,8,0,0,0,0,0,0,0,0,0,0
manag,5,40,4,3,0,3,22,0,0,0,0,8,0
malfunction,1,1,0,0,0,0,1,0,0,0,0,0,0
malfunct,1,14,0,0,0,0,14,0,0,0,0,0,0
male,1,2,0,0,0,0,2,0,0,0,0,0,0
mainten,1,13,0,0,0,0,13,0,0,0,0,0,0
maintain,1,2,0,0,0,0,2,0,0,0,0,0,0
main,4,8,1,0,0,0,5,0,1,0,1,0,0
machin,2,7,5,0,0,0,0,0,0,2,0,0,0
mac,1,1,0,0,1,0,0,0,0,0,0,0,0
luv,1,1,0,0,0,0,1,0,0,0,0,0,0
lru,1,1,0,0,0,1,0,0,0,0,0,0,0
low,1,2,0,0,0,0,0,0,2,0,0,0,0
loop,1,3,0,0,0,3,0,0,0,0,0,0,0
look,1,1,0,0,0,0,0,0,0,0,1,0,0
log,2,9,0,0,6,0,3,0,0,0,0,0,0
locat,4,12,1,0,0,0,4,0,0,0,1,6,0
local,3,14,0,0,6,0,7,0,0,0,0,1,0
loader,3,8,5,0,0,0,2,1,0,0,0,0,0
load,3,5,1,1,0,0,3,0,0,0,0,0,0
lm,1,1,0,0,0,0,0,1,0,0,0,0,0
live,1,3,0,0,0,0,3,0,0,0,0,0,0
listen,6,22,7,0,0,2,2,0,3,0,2,0,6
list,6,101,37,2,0,1,59,0,0,0,1,0,1
link,2,15,14,0,1,0,0,0,0,0,0,0,0
linear,2,2,0,0,0,0,0,1,1,0,0,0,0
line,4,8,2,0,0,0,0,0,2,0,0,2,2
limb,1,11,0,0,11,0,0,0,0,0,0,0,0
light,1,2,0,0,0,0,2,0,0,0,0,0,0
life,1,3,0,0,0,0,3,0,0,0,0,0,0
lexer,1,3,3,0,0,0,0,0,0,0,0,0,0
level,2,3,1,0,0,0,2,0,0,0,0,0,0
lessifi,1,1,0,0,0,0,0,0,0,0,0,1,0
length,1,1,1,0,0,0,0,0,0,0,0,0,0
legend,2,5,0,0,0,0,1,0,4,0,0,0,0
learn,1,13,0,0,0,0,0,13,0,0,0,0,0
leaf,1,1,1,0,0,0,0,0,0,0,0,0,0
lead,1,1,0,0,0,0,1,0,0,0,0,0,0
ldom,1,4,0,4,0,0,0,0,0,0,0,0,0
lcgrandom,1,1,0,0,0,1,0,0,0,0,0,0,0
lcb,1,1,0,0,0,0,0,0,1,0,0,0,0
layout,4,30,9,15,0,0,0,4,2,0,0,0,0
layer,3,20,1,0,0,0,11,8,0,0,0,0,0
laser,1,6,0,0,6,0,0,0,0,0,0,0,0
larg,1,1,0,0,0,0,1,0,0,0,0,0,0
languag,2,3,1,0,0,0,0,0,0,2,0,0,0
landmark,1,7,0,0,0,0,7,0,0,0,0,0,0
laboratori,1,4,0,0,0,0,4,0,0,0,0,0,0
label,3,3,0,0,0,0,1,1,1,0,0,0,0
lab,1,2,0,0,0,0,2,0,0,0,0,0,0
kohonen,1,5,0,0,0,0,0,5,0,0,0,0,0
knowledg,1,1,1,0,0,0,0,0,0,0,0,0,0
kit,1,2,0,0,0,2,0,0,0,0,0,0,0
kind,1,2,2,0,0,0,0,0,0,0,0,0,0
keyword,1,6,6,0,0,0,0,0,0,0,0,0,0
kei,2,5,2,0,0,3,0,0,0,0,0,0,0
jungl,1,1,0,0,0,0,0,0,0,0,1,0,0
js,1,2,0,0,0,0,0,0,0,0,0,2,0
joystick,1,2,0,0,2,0,0,0,0,0,0,0,0
join,2,3,2,0,0,0,0,0,0,1,0,0,0
job,1,2,0,0,0,0,2,0,0,0,0,0,0
jgap,1,4,0,0,0,4,0,0,0,0,0,0,0
jd,1,1,0,0,0,0,0,1,0,0,0,0,0
jawr,1,2,0,0,0,0,0,0,0,0,0,2,0
javarandom,1,1,0,0,0,1,0,0,0,0,0,0,0
java,1,8,8,0,0,0,0,0,0,0,0,0,0
jason,1,3,3,0,0,0,0,0,0,0,0,0,0
jar,1,1,1,0,0,0,0,0,0,0,0,0,0
iwspi,1,1,0,0,1,0,0,0,0,0,0,0,0
iter,1,2,0,0,0,0,0,2,0,0,0,0,0
item,4,24,19,0,1,0,3,1,0,0,0,0,0
ir,1,4,0,0,4,0,0,0,0,0,0,0,0
io,3,3,0,1,0,0,0,1,0,0,0,1,0
invok,1,1,0,0,0,0,0,0,0,0,0,0,1
invit,1,2,0,0,0,0,2,0,0,0,0,0,0
invers,1,1,0,0,0,1,0,0,0,0,0,0,0
inventori,1,4,0,0,0,0,4,0,0,0,0,0,0
invalid,3,6,4,0,0,1,0,0,0,0,0,1,0
intern,1,2,2,0,0,0,0,0,0,0,0,0,0
interfac,2,44,10,0,34,0,0,0,0,0,0,0,0
interact,1,3,3,0,0,0,0,0,0,0,0,0,0
intens,1,1,0,0,0,0,0,1,0,0,0,0,0
integ,1,1,0,0,0,1,0,0,0,0,0,0,0
int,2,2,0,0,1,0,1,0,0,0,0,0,0
instar,1,3,0,0,0,0,0,3,0,0,0,0,0
instanc,1,27,27,0,0,0,0,0,0,0,0,0,0
insid,1,2,2,0,0,0,0,0,0,0,0,0,0
input,4,12,4,0,0,0,2,4,0,0,0,2,0
initi,5,13,5,0,0,1,4,0,0,1,0,0,2
init,1,4,4,0,0,0,0,0,0,0,0,0,0
inherit,1,1,1,0,0,0,0,0,0,0,0,0,0
inhabit,1,1,0,0,0,0,1,0,0,0,0,0,0
info,5,34,2,0,2,1,25,0,0,0,4,0,0
inexact,1,1,0,0,0,0,0,0,0,0,0,0,1
indic,1,1,0,1,0,0,0,0,0,0,0,0,0
index,2,2,0,1,0,0,0,0,0,1,0,0,0
increment,1,1,0,0,0,1,0,0,0,0,0,0,0
incom,1,2,2,0,0,0,0,0,0,0,0,0,0
includ,2,6,4,0,0,0,0,0,0,0,0,0,2
improp,1,1,0,0,0,1,0,0,0,0,0,0,0
import,3,6,4,0,0,0,0,1,0,0,0,1,0
impl,4,84,5,7,0,0,1,0,0,71,0,0,0
imag,3,9,0,0,1,0,1,7,0,0,0,0,0
illeg,1,2,2,0,0,0,0,0,0,0,0,0,0
ignor,1,2,0,0,0,0,0,0,0,0,0,0,2
ie,1,1,0,1,0,0,0,0,0,0,0,0,0
identifi,1,2,0,0,0,0,0,0,0,2,0,0,0
icon,3,6,3,0,0,0,1,0,2,0,0,0,0
ic,1,1,0,0,0,0,1,0,0,0,0,0,0
iac,1,3,0,0,0,0,0,3,0,0,0,0,0
hypoth,1,1,0,0,1,0,0,0,0,0,0,0,0
huge,1,1,1,0,0,0,0,0,0,0,0,0,0
http,1,1,0,0,0,0,0,0,0,0,0,1,0
html,2,2,0,1,0,0,1,0,0,0,0,0,0
hot,1,1,0,0,0,1,0,0,0,0,0,0,0
horizont,1,4,0,0,0,0,0,0,4,0,0,0,0
hopfield,1,4,0,0,0,0,0,4,0,0,0,0,0
holder,1,1,0,0,0,0,0,0,1,0,0,0,0
histori,3,14,12,0,0,1,0,0,0,0,0,0,1
histor,1,3,0,0,0,0,3,0,0,0,0,0,0
hi,1,2,0,0,0,0,0,0,2,0,0,0,0
helper,3,10,5,4,0,0,0,1,0,0,0,0,0
help,1,1,0,0,0,0,0,0,0,0,1,0,0
hello,1,2,0,2,0,0,0,0,0,0,0,0,0
hebbian,1,8,0,0,0,0,0,8,0,0,0,0,0
health,1,3,0,0,0,0,3,0,0,0,0,0,0
header,3,3,0,1,0,0,0,0,1,0,0,1,0
head,2,2,1,0,1,0,0,0,0,0,0,0,0
hdr,1,1,0,0,1,0,0,0,0,0,0,0,0
hash,2,7,1,0,0,0,0,0,0,0,0,6,0
handler,3,6,2,0,0,3,0,0,1,0,0,0,0
handl,2,2,1,1,0,0,0,0,0,0,0,0,0
hack,1,1,1,0,0,0,0,0,0,0,0,0,0
guid,1,1,0,0,0,0,1,0,0,0,0,0,0
gui,1,1,0,0,0,1,0,0,0,0,0,0,0
guard,1,5,5,0,0,0,0,0,0,0,0,0,0
group,3,9,1,0,0,0,0,0,0,1,0,7,0
ground,1,7,0,0,0,0,7,0,0,0,0,0,0
gripper,1,4,0,0,4,0,0,0,0,0,0,0,0
grid,2,3,1,0,0,0,2,0,0,0,0,0,0
greenhous,1,1,0,0,0,0,1,0,0,0,0,0,0
greedi,1,1,0,0,0,1,0,0,0,0,0,0,0
graphic,1,1,1,0,0,0,0,0,0,0,0,0,0
graph,2,21,13,0,0,0,0,8,0,0,0,0,0
gp,2,13,0,0,2,11,0,0,0,0,0,0,0
goto,1,1,1,0,0,0,0,0,0,0,0,0,0
googl,1,1,0,1,0,0,0,0,0,0,0,0,0
good,1,8,0,0,0,0,8,0,0,0,0,0,0
goal,1,5,5,0,0,0,0,0,0,0,0,0,0
go,1,39,39,0,0,0,0,0,0,0,0,0,0
globe,1,2,0,0,0,0,2,0,0,0,0,0,0
gif,1,1,1,0,0,0,0,0,0,0,0,0,0
get,1,2,0,0,2,0,0,0,0,0,0,0,0
geometri,1,1,0,0,1,0,0,0,0,0,0,0,0
geom,1,11,0,0,11,0,0,0,0,0,0,0,0
genotyp,1,3,0,0,0,3,0,0,0,0,0,0,0
genom,1,3,0,0,0,0,0,0,3,0,0,0,0
genet,1,2,0,0,0,2,0,0,0,0,0,0,0
generaliz,1,1,1,0,0,0,0,0,0,0,0,0,0
gener,7,23,11,1,1,3,4,0,0,0,0,1,2
gene,1,12,0,0,0,12,0,0,0,0,0,0,0
gender,1,8,0,0,0,0,8,0,0,0,0,0,0
gen,2,8,7,1,0,0,0,0,0,0,0,0,0
gb,1,4,4,0,0,0,0,0,0,0,0,0,0
gaussian,2,3,0,0,0,2,0,1,0,0,0,0,0
garag,1,1,0,0,0,0,1,0,0,0,0,0,0
gap,1,1,0,0,0,0,0,0,0,0,1,0,0
gadget,1,1,0,1,0,0,0,0,0,0,0,0,0
ga,2,5,0,0,0,0,1,0,4,0,0,0,0
fuzzi,1,1,0,0,0,0,0,1,0,0,0,0,0
function,3,17,0,0,0,5,4,8,0,0,0,0,0
fuel,1,4,0,0,0,0,4,0,0,0,0,0,0
frequenc,1,2,0,0,0,0,2,0,0,0,0,0,0
freez,1,2,0,0,0,0,2,0,0,0,0,0,0
free,3,6,0,2,0,0,0,0,3,1,0,0,0
framework,1,3,0,0,0,0,0,0,0,0,0,0,3
frame,5,13,0,0,0,1,5,4,2,0,1,0,0
fraction,1,1,0,0,0,0,0,1,0,0,0,0,0
fr,1,8,8,0,0,0,0,0,0,0,0,0,0
fov,1,1,0,0,1,0,0,0,0,0,0,0,0
foundat,1,4,0,0,0,0,4,0,0,0,0,0,0
found,1,1,1,0,0,0,0,0,0,0,0,0,0
forw,1,1,1,0,0,0,0,0,0,0,0,0,0
formular,1,2,0,0,0,0,0,0,2,0,0,0,0
formatt,1,1,0,0,0,0,1,0,0,0,0,0,0
form,1,1,0,1,0,0,0,0,0,0,0,0,0
fork,2,3,2,0,0,0,0,0,0,1,0,0,0
food,1,4,0,0,0,0,4,0,0,0,0,0,0
font,2,3,1,0,0,0,0,0,2,0,0,0,0
follow,1,2,0,0,0,0,0,0,0,0,2,0,0
folder,2,2,0,0,0,0,0,1,0,0,0,0,1
floodfil,1,2,0,0,0,0,0,0,0,0,2,0,0
float,2,2,0,1,1,0,0,0,0,0,0,0,0
flat,1,1,1,0,0,0,0,0,0,0,0,0,0
fix,2,2,0,1,0,1,0,0,0,0,0,0,0
fittest,1,1,0,0,0,1,0,0,0,0,0,0,0
fit,2,16,0,0,0,13,0,0,3,0,0,0,0
finish,1,1,0,0,0,0,1,0,0,0,0,0,0
finder,1,2,0,2,0,0,0,0,0,0,0,0,0
find,1,4,4,0,0,0,0,0,0,0,0,0,0
final,2,5,4,0,0,0,0,0,0,1,0,0,0
filter,7,23,4,3,0,3,2,1,0,0,0,3,7
filenam,1,1,0,0,1,0,0,0,0,0,0,0,0
file,4,13,3,0,0,1,0,8,0,0,0,1,0
fig,1,61,61,0,0,0,0,0,0,0,0,0,0
field,5,15,6,0,0,0,6,0,1,0,0,1,1
fiduci,1,6,0,0,6,0,0,0,0,0,0,0,0
fi,1,1,0,0,1,0,0,0,0,0,0,0,0
feel,1,1,0,0,0,0,0,0,0,0,1,0,0
feed,1,1,0,0,0,0,0,0,1,0,0,0,0
featur,2,5,4,0,0,0,1,0,0,0,0,0,0
fast,1,1,0,0,0,0,1,0,0,0,0,0,0
farm,1,4,0,0,0,0,4,0,0,0,0,0,0
fals,1,1,0,0,0,1,0,0,0,0,0,0,0
fallback,1,1,0,0,0,0,0,0,0,0,0,1,0
failur,1,8,0,0,0,0,0,0,0,0,0,0,8
fail,1,4,0,0,0,0,0,0,0,0,0,0,4
factori,8,46,2,8,0,2,4,4,0,11,0,11,4
facad,3,4,1,0,0,0,0,0,2,0,0,0,1
extractor,1,2,0,0,0,0,0,0,0,0,0,2,0
extern,1,1,0,0,0,0,0,0,0,0,0,0,1
extens,2,6,5,0,0,1,0,0,0,0,0,0,0
extend,1,5,5,0,0,0,0,0,0,0,0,0,0
express,1,5,5,0,0,0,0,0,0,0,0,0,0
explor,1,6,0,0,0,0,6,0,0,0,0,0,0
expert,1,2,2,0,0,0,0,0,0,0,0,0,0
experiment,1,1,0,0,0,0,0,0,0,0,0,1,0
experi,1,1,0,0,0,0,1,0,0,0,0,0,0
expect,1,4,0,0,0,0,0,0,0,0,0,0,4
expand,1,2,2,0,0,0,0,0,0,0,0,0,0
exp,1,1,0,0,0,1,0,0,0,0,0,0,0
exit,2,3,2,0,0,0,1,0,0,0,0,0,0
exist,1,1,1,0,0,0,0,0,0,0,0,0,0
exercis,1,3,0,0,0,0,3,0,0,0,0,0,0
executor,1,1,0,0,0,0,0,0,0,0,0,1,0
exclud,1,2,0,0,0,0,0,0,0,0,0,0,2
exact,1,1,0,0,0,0,0,0,0,0,0,0,1
ex,1,1,0,1,0,0,0,0,0,0,0,0,0
event,6,50,16,6,0,2,15,0,6,5,0,0,0
evalu,3,6,1,0,0,4,0,0,1,0,0,0,0
eva,1,10,0,0,0,0,10,0,0,0,0,0,0
es,1,5,5,0,0,0,0,0,0,0,0,0,0
error,1,7,0,0,0,0,0,0,0,0,0,0,7
equip,1,8,0,0,0,0,8,0,0,0,0,0,0
equal,1,1,0,0,0,1,0,0,0,0,0,0,0
eo,1,1,1,0,0,0,0,0,0,0,0,0,0
environ,1,1,1,0,0,0,0,0,0,0,0,0,0
enumer,1,2,2,0,0,0,0,0,0,0,0,0,0
enum,2,2,0,0,0,0,0,0,1,0,0,0,1
entri,3,6,3,0,0,0,1,0,0,0,0,2,0
entiti,2,11,1,0,0,0,10,0,0,0,0,0,0
enter,1,1,0,0,0,0,1,0,0,0,0,0,0
engin,1,1,0,0,0,0,1,0,0,0,0,0,0
end,2,11,7,0,0,0,0,0,0,4,0,0,0
encod,2,4,0,0,2,0,0,0,0,0,0,2,0
enclos,1,1,0,0,0,0,0,0,0,0,0,0,1
enabl,3,3,1,1,1,0,0,0,0,0,0,0,0
en,1,4,4,0,0,0,0,0,0,0,0,0,0
empti,2,6,2,0,0,0,4,0,0,0,0,0,0
emerg,1,3,0,0,0,0,3,0,0,0,0,0,0
email,1,2,2,0,0,0,0,0,0,0,0,0,0
els,1,1,0,0,0,1,0,0,0,0,0,0,0
ellips,1,1,0,0,0,0,1,0,0,0,0,0,0
elev,1,1,0,0,0,0,1,0,0,0,0,0,0
element,3,40,35,0,0,3,0,2,0,0,0,0,0
effici,1,2,0,0,0,0,2,0,0,0,0,0,0
effect,2,7,1,0,0,0,6,0,0,0,0,0,0
editor,4,20,3,12,0,0,2,0,0,0,3,0,0
edit,5,13,3,0,0,0,2,1,6,0,1,0,0
edg,3,10,8,1,0,0,0,1,0,0,0,0,0
ecuyerrandom,1,1,0,0,0,1,0,0,0,0,0,0,0
eat,1,1,0,0,0,0,1,0,0,0,0,0,0
easi,1,3,0,0,0,0,0,3,0,0,0,0,0
earth,1,3,0,0,0,0,3,0,0,0,0,0,0
dynam,1,1,0,0,1,0,0,0,0,0,0,0,0
dyn,1,1,1,0,0,0,0,0,0,0,0,0,0
duplic,1,1,0,0,0,0,0,0,0,0,0,1,0
dummi,1,1,0,1,0,0,0,0,0,0,0,0,0
dto,1,2,0,2,0,0,0,0,0,0,0,0,0
dtd,1,1,1,0,0,0,0,0,0,0,0,0,0
dst,1,5,5,0,0,0,0,0,0,0,0,0,0
dsp,1,1,0,0,1,0,0,0,0,0,0,0,0
driver,2,2,0,0,1,0,1,0,0,0,0,0,0
drive,1,1,0,0,0,0,1,0,0,0,0,0,0
drag,1,2,0,2,0,0,0,0,0,0,0,0,0
dpo,1,2,0,2,0,0,0,0,0,0,0,0,0
downstream,1,1,1,0,0,0,0,0,0,0,0,0,0
doubl,2,2,0,0,1,1,0,0,0,0,0,0,0
domain,1,6,0,0,0,0,0,0,0,6,0,0,0
document,2,5,2,0,0,3,0,0,0,0,0,0,0
doctor,1,1,0,0,0,0,1,0,0,0,0,0,0
doc,1,1,1,0,0,0,0,0,0,0,0,0,0
dm,1,1,1,0,0,0,0,0,0,0,0,0,0
divid,1,1,0,0,0,1,0,0,0,0,0,0,0
distribut,1,1,0,0,0,1,0,0,0,0,0,0,0
displai,2,20,4,0,0,0,16,0,0,0,0,0,0
dispatch,3,3,1,0,0,1,0,0,0,0,0,1,0
dismiss,1,1,1,0,0,0,0,0,0,0,0,0,0
discovererrandom,1,1,0,0,0,1,0,0,0,0,0,0,0
directori,1,1,0,0,0,1,0,0,0,0,0,0,0
direct,2,3,0,0,0,0,2,0,0,0,1,0,0
dio,1,3,0,0,3,0,0,0,0,0,0,0,0
dine,1,3,0,0,0,0,3,0,0,0,0,0,0
digest,1,1,0,0,0,0,0,0,0,0,0,1,0
dig,1,1,0,0,0,0,1,0,0,0,0,0,0
difer,1,1,0,0,0,0,0,1,0,0,0,0,0
dictionari,1,1,0,1,0,0,0,0,0,0,0,0,0
dialog,5,24,7,8,0,0,2,6,0,0,1,0,0
diagram,2,62,53,0,0,0,0,0,0,9,0,0,0
devlist,1,1,0,0,1,0,0,0,0,0,0,0,0
devic,1,4,0,0,4,0,0,0,0,0,0,0,0
dev,1,1,0,0,1,0,0,0,0,0,0,0,0
detector,1,2,0,0,0,0,0,0,0,0,0,2,0
detail,2,6,4,0,0,0,2,0,0,0,0,0,0
destin,1,1,0,0,0,0,1,0,0,0,0,0,0
desktop,1,2,0,0,0,0,2,0,0,0,0,0,0
design,1,4,4,0,0,0,0,0,0,0,0,0,0
descriptor,2,171,1,0,0,0,170,0,0,0,0,0,0
descript,3,3,1,0,0,0,0,0,1,0,0,0,1
descend,1,1,1,0,0,0,0,0,0,0,0,0,0
deriv,1,1,1,0,0,0,0,0,0,0,0,0,0
depriv,1,6,0,0,0,0,6,0,0,0,0,0,0
deploy,1,5,5,0,0,0,0,0,0,0,0,0,0
depl,1,4,4,0,0,0,0,0,0,0,0,0,0
depend,1,7,7,0,0,0,0,0,0,0,0,0,0
dep,1,1,1,0,0,0,0,0,0,0,0,0,0
demo,3,13,0,11,0,0,0,1,1,0,0,0,0
delta,2,3,0,0,0,1,0,2,0,0,0,0,0
delet,1,1,1,0,0,0,0,0,0,0,0,0,0
deleg,2,2,0,1,0,0,0,0,0,0,0,1,0
delai,2,3,1,0,0,0,0,2,0,0,0,0,0
degrad,1,4,0,0,0,0,4,0,0,0,0,0,0
definit,1,1,0,0,0,0,0,0,0,0,0,1,0
defin,1,1,0,0,1,0,0,0,0,0,0,0,0
default,7,18,0,1,0,8,2,0,2,0,1,3,1
deep,1,1,1,0,0,0,0,0,0,0,0,0,0
decor,2,3,0,0,0,0,0,0,0,0,0,2,1
decompress,1,2,0,0,0,0,2,0,0,0,0,0,0
decod,1,2,0,0,2,0,0,0,0,0,0,0,0
declar,1,1,1,0,0,0,0,0,0,0,0,0,0
deck,1,1,0,1,0,0,0,0,0,0,0,0,0
decis,1,5,5,0,0,0,0,0,0,0,0,0,0
death,1,2,0,0,0,0,2,0,0,0,0,0,0
de,1,7,7,0,0,0,0,0,0,0,0,0,0
db,2,5,4,0,0,0,0,0,1,0,0,0,0
date,2,7,0,0,0,0,4,0,3,0,0,0,0
dataset,1,1,0,0,0,0,1,0,0,0,0,0,0
data,10,71,3,11,32,5,1,2,11,3,0,2,1
cut,1,1,1,0,0,0,0,0,0,0,0,0,0
custom,1,5,0,0,0,0,5,0,0,0,0,0,0
cur,1,1,1,0,0,0,0,0,0,0,0,0,0
cultur,1,2,0,0,0,2,0,0,0,0,0,0,0
cue,1,2,2,0,0,0,0,0,0,0,0,0,0
cube,1,1,1,0,0,0,0,0,0,0,0,0,0
css,2,15,0,1,0,0,0,0,0,0,0,14,0
crud,1,2,0,2,0,0,0,0,0,0,0,0,0
crossov,2,5,0,0,0,4,0,0,1,0,0,0,0
cross,2,3,0,0,0,2,0,0,0,0,1,0,0
crop,1,8,0,0,0,0,8,0,0,0,0,0,0
critiqu,1,3,3,0,0,0,0,0,0,0,0,0,0
critic,1,6,6,0,0,0,0,0,0,0,0,0,0
criteria,1,3,0,0,0,0,0,0,0,0,0,0,3
crew,1,3,0,0,0,0,3,0,0,0,0,0,0
credit,1,4,0,0,0,0,4,0,0,0,0,0,0
creator,1,1,0,1,0,0,0,0,0,0,0,0,0
creation,1,1,0,0,0,1,0,0,0,0,0,0,0
creat,3,5,3,0,0,0,1,0,0,0,0,0,1
crc,1,1,0,0,0,0,0,0,0,0,0,1,0
crash,1,1,0,0,0,0,0,0,0,0,1,0,0
cr,1,67,67,0,0,0,0,0,0,0,0,0,0
countri,1,3,0,3,0,0,0,0,0,0,0,0,0
counter,1,1,0,0,0,1,0,0,0,0,0,0,0
cosin,1,1,0,0,0,1,0,0,0,0,0,0,0
corner,1,2,0,0,0,0,0,0,0,0,2,0,0
core,1,3,0,0,0,0,0,0,0,0,0,0,3
copi,1,1,1,0,0,0,0,0,0,0,0,0,0
coordin,1,1,0,0,0,0,1,0,0,0,0,0,0
cook,1,6,0,0,0,0,6,0,0,0,0,0,0
convert,1,1,0,0,0,0,0,1,0,0,0,0,0
control,5,12,1,1,8,0,0,1,0,0,1,0,0
context,2,11,4,0,0,0,0,0,0,0,0,7,0
content,3,4,0,2,0,0,1,0,0,0,0,1,0
contain,2,6,0,5,0,0,1,0,0,0,0,0,0
consumpt,1,6,0,0,0,0,6,0,0,0,0,0,0
constructor,1,1,1,0,0,0,0,0,0,0,0,0,0
construct,1,27,0,0,0,0,27,0,0,0,0,0,0
constraint,3,9,5,3,0,0,0,0,0,1,0,0,0
constant,2,2,1,0,0,1,0,0,0,0,0,0,0
consid,1,1,1,0,0,0,0,0,0,0,0,0,0
connect,3,6,1,0,0,0,1,4,0,0,0,0,0
conjoin,1,1,0,0,0,0,0,0,0,0,1,0,0
conform,1,1,0,0,0,0,0,0,0,0,0,1,0
conflict,1,1,1,0,0,0,0,0,0,0,0,0,0
confirm,1,1,1,0,0,0,0,0,0,0,0,0,0
configur,4,25,6,0,0,6,10,0,0,0,0,3,0
config,5,54,3,1,21,8,21,0,0,0,0,0,0
condit,2,3,0,0,0,0,1,0,0,2,0,0,0
concentr,1,2,0,0,0,0,2,0,0,0,0,0,0
comput,1,2,0,0,0,0,0,0,0,0,0,0,2
compressor,1,2,0,0,0,0,0,0,0,0,0,2,0
compound,2,3,1,2,0,0,0,0,0,0,0,0,0
composit,3,10,8,1,0,1,0,0,0,0,0,0,0
compon,3,19,17,0,0,0,0,1,1,0,0,0,0
complaint,1,11,0,0,0,0,11,0,0,0,0,0,0
compil,1,1,0,0,0,0,1,0,0,0,0,0,0
competit,1,5,0,0,0,0,0,5,0,0,0,0,0
compat,1,3,0,0,0,0,0,0,3,0,0,0,0
compart,1,4,4,0,0,0,0,0,0,0,0,0,0
comparison,1,8,0,0,0,0,0,0,0,0,0,0,8
compar,4,8,2,0,0,4,0,0,1,0,0,0,1
compactor,1,2,0,0,0,0,0,0,0,0,0,0,2
comp,1,5,5,0,0,0,0,0,0,0,0,0,0
commun,3,5,1,0,0,0,3,0,0,1,0,0,0
comment,1,3,0,0,0,0,0,0,0,0,0,3,0
command,3,9,0,2,0,5,0,0,0,0,0,0,2
combo,2,15,14,0,0,0,0,1,0,0,0,0,0
com,1,1,0,0,1,0,0,0,0,0,0,0,0
column,2,47,46,0,0,0,1,0,0,0,0,0,0
color,3,6,0,0,2,0,0,1,0,0,0,3,0
collector,2,2,1,0,0,0,0,0,0,0,0,0,1
collect,1,6,0,0,0,0,6,0,0,0,0,0,0
collabor,3,11,4,0,0,0,1,0,0,6,0,0,0
collab,1,2,2,0,0,0,0,0,0,0,0,0,0
cognit,1,5,5,0,0,0,0,0,0,0,0,0,0
code,1,13,13,0,0,0,0,0,0,0,0,0,0
cmd,2,26,1,0,25,0,0,0,0,0,0,0,0
cm,1,8,8,0,0,0,0,0,0,0,0,0,0
closer,1,1,1,0,0,0,0,0,0,0,0,0,0
clone,1,1,0,0,0,1,0,0,0,0,0,0,0
clock,1,3,0,0,0,0,3,0,0,0,0,0,0
client,3,6,2,2,2,0,0,0,0,0,0,0,0
classpath,2,2,0,0,0,0,1,0,0,0,0,1,0
classifi,1,20,20,0,0,0,0,0,0,0,0,0,0
classic,1,1,0,0,0,0,0,0,0,0,1,0,0
classdiagram,1,2,2,0,0,0,0,0,0,0,0,0,0
class,5,51,32,2,0,2,0,0,0,4,0,0,11
clarifi,1,3,3,0,0,0,0,0,0,0,0,0,0
cl,1,3,3,0,0,0,0,0,0,0,0,0,0
circular,1,2,2,0,0,0,0,0,0,0,0,0,0
circl,1,1,1,0,0,0,0,0,0,0,0,0,0
chromosom,1,7,0,0,0,7,0,0,0,0,0,0,0
chooser,1,2,0,0,0,0,0,0,2,0,0,0,0
choic,1,1,1,0,0,0,0,0,0,0,0,0,0
children,1,1,1,0,0,0,0,0,0,0,0,0,0
child,2,6,5,0,0,0,0,0,0,0,0,0,1
chemist,1,1,0,0,0,0,1,0,0,0,0,0,0
chef,1,1,0,0,0,0,1,0,0,0,0,0,0
checklist,1,5,5,0,0,0,0,0,0,0,0,0,0
check,1,5,5,0,0,0,0,0,0,0,0,0,0
chart,3,13,0,0,0,0,2,0,10,1,0,0,0
charset,1,1,0,0,0,0,0,0,0,0,0,1,0
chargepolici,1,1,0,0,1,0,0,0,0,0,0,0,0
char,2,2,1,0,1,0,0,0,0,0,0,0,0
chang,4,19,8,4,0,0,0,0,6,1,0,0,0
chanc,1,2,0,0,0,0,2,0,0,0,0,0,0
chain,2,2,0,0,0,1,0,0,0,0,0,0,1
ch,1,11,11,0,0,0,0,0,0,0,0,0,0
center,1,2,0,0,0,0,0,0,2,0,0,0,0
cell,5,9,2,0,0,1,2,0,1,0,3,0,0
caus,1,1,0,0,0,0,0,0,0,0,0,0,1
cauchi,1,1,0,0,0,1,0,0,0,0,0,0,0
categori,3,11,1,0,0,0,0,0,4,0,0,0,6
case,3,17,12,0,0,0,0,0,0,3,0,0,2
cascad,1,1,0,1,0,0,0,0,0,0,0,0,0
cargo,1,3,0,0,0,0,3,0,0,0,0,0,0
care,1,4,0,0,0,0,4,0,0,0,0,0,0
card,1,1,1,0,0,0,0,0,0,0,0,0,0
car,1,1,0,0,1,0,0,0,0,0,0,0,0
capac,1,2,0,0,0,0,2,0,0,0,0,0,0
canist,1,1,0,0,0,0,1,0,0,0,0,0,0
camera,1,2,0,0,2,0,0,0,0,0,0,0,0
callabl,1,2,0,0,0,0,0,0,0,0,0,0,2
call,2,7,6,0,0,0,0,0,0,1,0,0,0
calendar,1,1,0,0,0,0,1,0,0,0,0,0,0
calcul,1,3,0,0,0,3,0,0,0,0,0,0,0
cach,5,6,1,1,0,1,0,0,0,0,0,2,1
byte,2,3,0,0,2,0,0,0,0,0,0,1,0
button,6,16,5,2,0,0,3,1,4,0,1,0,0
busi,1,1,0,0,0,0,0,0,1,0,0,0,0
bundl,2,34,33,0,0,0,0,0,1,0,0,0,0
bumper,1,4,0,0,4,0,0,0,0,0,0,0,0
bump,1,2,2,0,0,0,0,0,0,0,0,0,0
bulk,1,2,0,0,0,2,0,0,0,0,0,0,0
builder,4,17,0,1,0,3,0,0,0,0,0,4,9
build,1,42,0,0,0,0,42,0,0,0,0,0,0
buffer,4,7,3,0,2,1,0,0,0,0,0,1,0
browser,3,8,2,4,0,0,0,0,2,0,0,0,0
broadcast,1,1,0,1,0,0,0,0,0,0,0,0,0
bridg,1,1,0,0,0,0,0,0,0,1,0,0,0
breeder,1,1,0,0,0,1,0,0,0,0,0,0,0
breakdown,1,2,0,0,0,0,2,0,0,0,0,0,0
break,1,1,1,0,0,0,0,0,0,0,0,0,0
branch,2,4,2,0,0,2,0,0,0,0,0,0,0
brake,1,2,0,0,2,0,0,0,0,0,0,0,0
box,3,18,16,0,0,0,0,1,0,0,1,0,0
botanist,1,1,0,0,0,0,1,0,0,0,0,0,0
border,2,2,1,0,0,0,1,0,0,0,0,0,0
boolean,4,7,4,0,1,1,0,0,0,0,0,0,1
bom,1,1,0,0,0,0,0,0,0,0,0,1,0
bodi,1,1,1,0,0,0,0,0,0,0,0,0,0
block,1,1,0,0,0,0,0,0,0,0,0,0,1
blobfind,1,5,0,0,5,0,0,0,0,0,0,0,0
blob,1,1,0,0,1,0,0,0,0,0,0,0,0
blinkenlight,1,2,0,0,2,0,0,0,0,0,0,0,0
blank,1,2,0,0,0,0,0,0,2,0,0,0,0
bitsrandom,1,1,0,0,0,1,0,0,0,0,0,0,0
bit,1,1,1,0,0,0,0,0,0,0,0,0,0
biologist,1,1,0,0,0,0,1,0,0,0,0,0,0
biologi,1,2,0,0,0,0,2,0,0,0,0,0,0
bind,1,1,1,0,0,0,0,0,0,0,0,0,0
binari,2,2,0,0,0,1,0,1,0,0,0,0,0
big,1,1,1,0,0,0,0,0,0,0,0,0,0
bevel,1,1,0,0,0,0,0,0,1,0,0,0,0
behavior,1,1,1,0,0,0,0,0,0,0,0,0,0
beh,1,1,1,0,0,0,0,0,0,0,0,0,0
befor,1,2,0,0,0,0,0,0,0,0,0,0,2
bean,1,10,0,0,0,0,10,0,0,0,0,0,0
bbox,1,2,0,0,2,0,0,0,0,0,0,0,0
basic,1,2,0,0,0,0,0,2,0,0,0,0,0
base,7,21,7,0,0,7,2,1,0,0,1,2,1
barrel,1,1,0,0,0,0,1,0,0,0,0,0,0
bam,1,2,0,0,0,0,0,2,0,0,0,0,0
bai,1,1,0,0,0,0,1,0,0,0,0,0,0
bag,1,2,0,0,0,0,2,0,0,0,0,0,0
bad,1,1,0,1,0,0,0,0,0,0,0,0,0
backpropag,1,1,0,0,0,0,0,1,0,0,0,0,0
axi,1,15,0,0,0,0,0,0,15,0,0,0,0
awt,1,1,1,0,0,0,0,0,0,0,0,0,0
awar,2,5,0,1,0,0,0,0,0,0,0,4,0
averag,2,2,0,0,0,1,0,0,1,0,0,0,0
auto,1,1,1,0,0,0,0,0,0,0,0,0,0
audiomix,1,2,0,0,2,0,0,0,0,0,0,0,0
audiodsp,1,3,0,0,3,0,0,0,0,0,0,0,0
audio,2,3,0,0,2,0,1,0,0,0,0,0,0
attribut,3,18,8,0,0,0,7,0,0,3,0,0,0
attr,1,6,6,0,0,0,0,0,0,0,0,0,0
attach,1,4,0,0,0,0,4,0,0,0,0,0,0
astronom,1,6,0,0,0,0,6,0,0,0,0,0,0
assumpt,1,1,0,0,0,0,0,0,0,0,0,0,1
assum,1,1,0,0,0,0,0,0,0,0,0,0,1
associ,3,20,13,0,0,0,1,0,0,6,0,0,0
assoc,1,9,9,0,0,0,0,0,0,0,0,0,0
assist,1,2,0,0,0,0,2,0,0,0,0,0,0
assign,1,2,0,0,0,0,0,0,0,0,0,0,2
assert,1,4,0,0,0,0,0,0,0,0,0,0,4
arrow,2,6,5,0,0,0,0,0,1,0,0,0,0
arrai,3,3,0,0,0,0,0,0,1,0,0,1,1
argument,1,1,0,0,0,1,0,0,0,0,0,0,0
argo,1,19,19,0,0,0,0,0,0,0,0,0,0
areologist,1,1,0,0,0,0,1,0,0,0,0,0,0
areolog,1,2,0,0,0,0,2,0,0,0,0,0,0
area,2,3,1,2,0,0,0,0,0,0,0,0,0
architect,1,1,0,0,0,0,1,0,0,0,0,0,0
applic,1,2,0,0,0,0,0,2,0,0,0,0,0
append,1,1,0,0,0,0,0,0,0,0,0,1,0
app,1,5,0,5,0,0,0,0,0,0,0,0,0
anti,1,1,0,0,0,0,1,0,0,0,0,0,0
anonym,1,1,1,0,0,0,0,0,0,0,0,0,0
announc,1,1,0,0,0,0,1,0,0,0,0,0,0
annot,1,3,0,0,0,0,0,0,0,0,0,0,3
anim,2,3,0,1,0,0,0,0,0,0,2,0,0
ani,2,4,2,0,0,0,0,0,0,0,0,0,2
anchor,1,1,0,0,0,0,0,0,0,0,0,0,1
ancestor,1,1,1,0,0,0,0,0,0,0,0,0,0
amount,1,9,0,0,0,0,9,0,0,0,0,0,0
allel,1,2,0,0,0,0,0,0,2,0,0,0,0
algorithm,1,4,0,0,0,0,0,0,4,0,0,0,0
airlock,1,5,0,0,0,0,5,0,0,0,0,0,0
air,1,2,0,0,0,0,2,0,0,0,0,0,0
aio,1,3,0,0,3,0,0,0,0,0,0,0,0
aggreg,1,2,2,0,0,0,0,0,0,0,0,0,0
agg,1,1,1,0,0,0,0,0,0,0,0,0,0
agenc,1,1,1,0,0,0,0,0,0,0,0,0,0
advanc,1,2,0,2,0,0,0,0,0,0,0,0,0
adf,1,1,0,0,0,1,0,0,0,0,0,0,0
addr,1,2,0,0,2,0,0,0,0,0,0,0,0
add,3,14,10,0,0,3,1,0,0,0,0,0,0
adapt,6,14,2,1,0,0,0,1,1,6,0,0,3
adalin,1,2,0,0,0,0,0,2,0,0,0,0,0
actuatorgeom,1,1,0,0,1,0,0,0,0,0,0,0,0
actuat,1,1,0,0,1,0,0,0,0,0,0,0,0
actor,2,8,6,0,0,0,0,0,0,2,0,0,0
activ,4,13,4,0,0,0,1,0,0,6,0,0,2
action,3,96,94,0,0,0,0,0,0,1,1,0,0
actarrai,1,11,0,0,11,0,0,0,0,0,0,0,0
achiev,1,1,0,0,0,0,1,0,0,0,0,0,0
accommod,1,3,0,0,0,0,3,0,0,0,0,0,0
ac,1,1,1,0,0,0,0,0,0,0,0,0,0
abstract,6,13,3,1,1,1,0,0,3,0,0,4,0
