Name,NumOps,NumComp,NumPack,NumCls,NumInterf,ProvidedIF,RequiredIF,Dep_Out,Dep_In,Assoc_Out,Assoc_In,Instances,Objects,Diags
untitledModel.ATMApplet.java,0,0,0,0,0,0,0,4,0,0,0,0,0,0
untitledModel.ATMMain.java,0,0,0,0,0,0,0,4,0,0,0,0,0,0
untitledModel.source.atm.ATM.java,0,0,0,0,0,0,0,4,0,0,0,0,0,0
untitledModel.source.banking.AccountInformation.java,0,0,0,0,0,0,0,0,0,0,0,0,0,0
untitledModel.source.banking.Balances.java,0,0,0,0,0,0,0,0,0,0,0,0,0,0
untitledModel.source.banking.Card.java,0,0,0,0,0,0,0,0,0,0,0,0,0,0
untitledModel.source.banking.Money.java,0,0,0,0,0,0,0,0,0,0,0,0,0,0
untitledModel.source.banking.Receipt.java,0,0,0,0,0,0,1,4,0,0,0,0,0,0
untitledModel.source.banking.Status.java,0,0,0,0,0,0,0,0,0,0,0,0,0,0
untitledModel.atm.Session.java,0,0,0,0,0,0,0,5,0,0,0,0,0,0
untitledModel.atm.physical.CardReader.java,0,0,0,0,0,0,0,3,0,0,0,0,0,0
untitledModel.atm.physical.CashDispenser.java,0,0,0,0,0,0,0,2,0,0,0,0,0,0
untitledModel.atm.physical.CustomerConsole.java,0,0,0,0,0,0,0,3,0,0,0,0,0,0
untitledModel.atm.physical.EnvelopeAcceptor.java,0,0,0,0,0,0,0,1,0,0,0,0,0,0
untitledModel.atm.physical.Log.java,0,0,0,0,0,0,0,4,0,0,0,0,0,0
untitledModel.atm.physical.NetworkToBank.java,0,0,0,0,0,0,0,5,0,0,0,0,0,0
untitledModel.atm.physical.OperatorPanel.java,0,0,0,0,0,0,0,3,0,0,0,0,0,0
untitledModel.atm.physical.ReceiptPrinter.java,0,0,0,0,0,0,1,4,0,0,0,0,0,0
untitledModel.atm.transaction.Deposit.java,0,0,0,0,0,0,0,9,0,0,0,0,0,0
untitledModel.atm.transaction.Inquiry.java,0,0,0,0,0,0,0,9,0,0,0,0,0,0
untitledModel.atm.transaction.Transaction.java,0,0,0,0,0,0,0,8,0,0,0,0,0,0
untitledModel.atm.transaction.Transfer.java,0,0,0,0,0,0,0,9,0,0,0,0,0,0
untitledModel.atm.transaction.Withdrawal.java,0,0,0,0,0,0,0,9,0,0,0,0,0,0
untitledModel.banking.Message.java,0,0,0,0,0,0,0,0,0,0,0,0,0,0
untitledModel.simulation.ATMPanel.java,0,0,0,0,0,0,0,3,0,0,0,0,0,0
untitledModel.simulation.BillsPanel.java,0,0,0,0,0,0,0,3,0,0,0,0,0,0
untitledModel.simulation.CardPanel.java,0,0,0,0,0,0,0,2,0,0,0,0,0,0
untitledModel.simulation.GUI.java,0,0,0,0,0,0,0,5,0,0,0,0,0,0
untitledModel.simulation.LogPanel.java,0,0,0,0,0,0,0,2,0,0,0,0,0,0
untitledModel.simulation.SimCardReader.java,0,0,0,0,0,0,0,4,0,0,0,0,0,0
untitledModel.simulation.SimCashDispenser.java,0,0,0,0,0,0,0,3,0,0,0,0,0,0
untitledModel.simulation.SimDisplay.java,0,0,0,0,0,0,0,3,0,0,0,0,0,0
untitledModel.simulation.SimEnvelopeAcceptor.java,0,0,0,0,0,0,0,2,0,0,0,0,0,0
untitledModel.simulation.SimKeyboard.java,0,0,0,0,0,0,0,2,0,0,0,0,0,0
untitledModel.simulation.SimOperatorPanel.java,0,0,0,0,0,0,0,3,0,0,0,0,0,0
untitledModel.simulation.SimReceiptPrinter.java,0,0,0,0,0,0,0,2,0,0,0,0,0,0
untitledModel.simulation.SimulatedBank.java,0,0,0,0,0,0,0,6,0,0,0,0,0,0
untitledModel.simulation.Simulation.java,0,0,0,0,0,0,0,6,0,0,0,0,0,0
