Name,NumAttr,NumOps,NumPubOps,Setters,Getters,Nesting,IFImpl,NOC,NumDesc,NumAnc,DIT,CLD,OpsInh,AttrInh,Dep_Out,Dep_In,NumAssEl_ssc,NumAssEl_sb,NumAssEl_nsb,EC_Attr,IC_Attr,EC_Par,IC_Par,Connectors,InstSpec,LLInst,MsgSent,MsgRecv,MsgSelf,Diags
EA_Model.Model.Class Model.$help://class_model_pattern.htm,0,0,0,0,0,0,0,0,0,0,0,0,0,0,0,0,0,0,0,0,0,0,0,0,0,0,0.0,0.0,0,0
EA_Model.Model.Class Model.$help://classdiagram.htm,0,0,0,0,0,0,0,0,0,0,0,0,0,0,0,0,0,0,0,0,0,0,0,0,0,0,0.0,0.0,0,0
EA_Model.Model.Class Model.android.support.v4.app.Watson,2,7,7,0,1,0,0,1,25,0,0,6,0,0,0,0,0,0,0,0,0,0,7,0,0,0,0.0,0.0,0,0
EA_Model.Model.Class Model.com.actionbarsherlock.ActionBarSherlock,8,46,41,12,4,0,0,2,2,0,0,1,0,0,0,0,0,6,0,5,1,5,6,0,0,0,0.0,0.0,0,0
EA_Model.Model.Class Model.com.actionbarsherlock.app.ActionBar.LayoutParams,2,6,6,0,0,1,0,0,0,0,0,0,0,0,0,0,0,0,0,0,0,16,1,0,0,0,0.0,0.0,0,0
EA_Model.Model.Class Model.com.actionbarsherlock.app.ActionBar.Tab,1,17,17,10,6,1,0,2,2,0,0,1,0,0,0,0,0,0,1,0,0,60,1,0,0,0,0.0,0.0,0,0
EA_Model.Model.Class Model.com.actionbarsherlock.app.ActionBar,8,51,51,25,13,0,0,2,2,0,0,1,0,0,0,0,0,0,0,0,0,15,13,0,0,0,0.0,0.0,0,0
EA_Model.Model.Class Model.com.actionbarsherlock.app.SherlockActivity,1,42,33,8,3,0,0,0,0,0,0,0,0,0,0,0,0,1,0,0,1,0,14,0,0,0,0.0,0.0,0,0
EA_Model.Model.Class Model.com.actionbarsherlock.app.SherlockDialogFragment,1,9,9,0,1,0,0,1,1,0,0,1,0,0,0,0,1,1,0,0,1,0,5,0,0,0,0.0,0.0,0,0
EA_Model.Model.Class Model.com.actionbarsherlock.app.SherlockExpandableListActivity,1,40,33,8,3,0,0,0,0,0,0,0,0,0,0,0,0,1,0,0,1,0,14,0,0,0,0.0,0.0,0,0
EA_Model.Model.Class Model.com.actionbarsherlock.app.SherlockFragment,1,9,9,0,1,0,0,7,12,0,0,2,0,0,0,0,1,1,0,0,1,0,5,0,0,0,0.0,0.0,0,0
EA_Model.Model.Class Model.com.actionbarsherlock.app.SherlockFragmentActivity,5,42,33,8,3,0,0,3,24,1,1,5,7,2,0,0,3,4,0,3,1,4,11,0,0,0,0.0,0.0,0,0
EA_Model.Model.Class Model.com.actionbarsherlock.app.SherlockListActivity,1,42,33,8,3,0,0,0,0,0,0,0,0,0,0,0,0,1,0,0,1,0,14,0,0,0,0.0,0.0,0,0
EA_Model.Model.Class Model.com.actionbarsherlock.app.SherlockListFragment,1,9,9,0,1,0,0,3,11,0,0,2,0,0,0,0,1,1,0,0,1,0,5,0,0,0,0.0,0.0,0,0
EA_Model.Model.Class Model.com.actionbarsherlock.app.SherlockPreferenceActivity,1,42,33,8,3,0,0,0,0,0,0,0,0,0,0,0,0,1,0,0,1,0,14,0,0,0,0.0,0.0,0,0
EA_Model.Model.Class Model.com.actionbarsherlock.internal.ActionBarSherlockCompat.ActionModeCallbackWrapper,1,5,5,0,0,1,0,0,0,0,0,0,0,0,0,0,0,0,1,0,0,0,7,0,0,0,0.0,0.0,0,0
EA_Model.Model.Class Model.com.actionbarsherlock.internal.ActionBarSherlockCompat,22,61,42,11,7,0,0,0,0,1,1,0,46,8,0,0,0,5,1,0,6,0,15,0,0,0,0.0,0.0,0,0
EA_Model.Model.Class Model.com.actionbarsherlock.internal.ActionBarSherlockNative.ActionModeCallbackWrapper,1,5,5,0,0,1,0,0,0,0,0,0,0,0,0,0,0,0,1,0,0,0,0,0,0,0,0.0,0.0,0,0
EA_Model.Model.Class Model.com.actionbarsherlock.internal.ActionBarSherlockNative.ActionModeWrapper,2,15,14,6,6,1,0,0,0,1,1,0,15,1,0,0,0,1,1,1,1,0,2,0,0,0,0.0,0.0,0,0
EA_Model.Model.Class Model.com.actionbarsherlock.internal.ActionBarSherlockNative,3,22,20,10,3,0,0,0,0,1,1,0,46,8,0,0,0,3,0,0,3,0,4,0,0,0,0.0,0.0,0,0
EA_Model.Model.Class Model.com.actionbarsherlock.internal.ResourcesCompat,1,4,3,0,2,0,0,0,0,0,0,0,0,0,0,0,0,0,0,0,0,0,0,0,0,0,0.0,0.0,0,0
EA_Model.Model.Class Model.com.actionbarsherlock.internal.ResourcesCompatTest,0,1,1,0,0,0,0,0,0,0,0,0,0,0,0,0,0,0,0,0,0,0,0,0,0,0,0.0,0.0,0,0
EA_Model.Model.Class Model.com.actionbarsherlock.internal.app.ActionBarImpl.ActionModeImpl,3,19,19,5,5,1,0,0,0,1,1,0,15,1,0,0,0,1,2,1,1,0,8,0,0,0,0.0,0.0,0,0
EA_Model.Model.Class Model.com.actionbarsherlock.internal.app.ActionBarImpl.TabImpl,7,19,19,11,7,1,0,0,0,1,1,0,17,1,0,0,0,1,1,1,0,0,10,0,0,0,0.0,0.0,0,0
EA_Model.Model.Class Model.com.actionbarsherlock.internal.app.ActionBarImpl,30,65,57,27,13,0,0,0,0,1,1,0,51,8,0,0,0,3,9,1,10,0,15,0,0,0,0.0,0.0,0,0
EA_Model.Model.Class Model.com.actionbarsherlock.internal.app.ActionBarWrapper.TabWrapper,3,21,21,10,6,1,0,0,0,1,1,0,17,1,0,0,0,0,1,0,1,0,11,0,0,0,0.0,0.0,0,0
EA_Model.Model.Class Model.com.actionbarsherlock.internal.app.ActionBarWrapper,5,54,54,25,13,0,0,0,0,1,1,0,51,8,0,0,0,1,1,1,0,0,13,0,0,0,0.0,0.0,0,0
EA_Model.Model.Class Model.com.actionbarsherlock.internal.nineoldandroids.animation.Animator,1,18,18,6,5,0,0,2,3,0,0,2,0,0,0,0,0,1,4,6,0,35,2,0,0,0,0.0,0.0,0,0
EA_Model.Model.Class Model.com.actionbarsherlock.internal.nineoldandroids.animation.AnimatorListenerAdapter,0,4,4,0,0,0,0,0,0,0,0,0,0,0,0,0,0,0,0,0,0,0,4,0,0,0,0.0,0.0,0,0
EA_Model.Model.Class Model.com.actionbarsherlock.internal.nineoldandroids.animation.AnimatorSet.AnimatorSetListener,1,5,4,0,0,1,0,0,0,0,0,0,0,0,0,0,0,1,0,1,1,0,5,0,0,0,0.0,0.0,0,0
EA_Model.Model.Class Model.com.actionbarsherlock.internal.nineoldandroids.animation.AnimatorSet.Builder,1,5,4,0,0,1,0,0,0,0,0,0,0,0,0,0,1,1,1,1,1,10,4,0,0,0,0.0,0.0,0,0
EA_Model.Model.Class Model.com.actionbarsherlock.internal.nineoldandroids.animation.AnimatorSet.Dependency,4,1,1,0,0,1,0,0,0,0,0,0,0,0,0,0,1,1,0,0,1,1,1,0,0,0,0.0,0.0,0,0
EA_Model.Model.Class Model.com.actionbarsherlock.internal.nineoldandroids.animation.AnimatorSet.DependencyListener,3,6,5,0,0,1,0,0,0,0,0,0,0,0,0,0,1,2,0,0,2,0,7,0,0,0,0.0,0.0,0,0
EA_Model.Model.Class Model.com.actionbarsherlock.internal.nineoldandroids.animation.AnimatorSet.Node,6,3,3,0,0,1,0,0,0,0,0,0,0,0,0,0,3,4,0,3,1,2,2,0,0,0,0.0,0.0,0,0
EA_Model.Model.Class Model.com.actionbarsherlock.internal.nineoldandroids.animation.AnimatorSet,11,21,20,6,5,0,0,0,0,1,1,0,18,1,0,0,1,3,0,0,2,0,4,0,0,0,0.0,0.0,0,0
EA_Model.Model.Class Model.com.actionbarsherlock.internal.nineoldandroids.animation.FloatEvaluator,0,1,1,0,0,0,0,0,0,0,0,0,0,0,0,0,0,0,0,0,0,0,0,0,0,0,0.0,0.0,0,0
EA_Model.Model.Class Model.com.actionbarsherlock.internal.nineoldandroids.animation.FloatKeyframeSet,4,4,4,0,2,0,0,0,0,1,1,0,9,6,0,0,0,1,0,1,0,1,1,0,0,0,0.0,0.0,0,0
EA_Model.Model.Class Model.com.actionbarsherlock.internal.nineoldandroids.animation.IntEvaluator,0,1,1,0,0,0,0,0,0,0,0,0,0,0,0,0,0,0,0,0,0,0,0,0,0,0,0.0,0.0,0,0
EA_Model.Model.Class Model.com.actionbarsherlock.internal.nineoldandroids.animation.IntKeyframeSet,4,4,4,0,2,0,0,0,0,1,1,0,9,6,0,0,0,1,0,1,0,1,1,0,0,0,0.0,0.0,0,0
EA_Model.Model.Class Model.com.actionbarsherlock.internal.nineoldandroids.animation.Keyframe.FloatKeyframe,1,6,4,1,2,1,0,0,0,1,1,0,15,4,0,0,0,0,0,0,0,1,0,0,0,0,0.0,0.0,0,0
EA_Model.Model.Class Model.com.actionbarsherlock.internal.nineoldandroids.animation.Keyframe.IntKeyframe,1,6,4,1,2,1,0,0,0,1,1,0,15,4,0,0,0,0,0,0,0,1,0,0,0,0,0.0,0.0,0,0
EA_Model.Model.Class Model.com.actionbarsherlock.internal.nineoldandroids.animation.Keyframe.ObjectKeyframe,1,4,3,1,1,1,0,0,0,1,1,0,15,4,0,0,0,0,0,0,0,0,0,0,0,0,0.0,0.0,0,0
EA_Model.Model.Class Model.com.actionbarsherlock.internal.nineoldandroids.animation.Keyframe,4,15,15,3,5,0,0,3,3,0,0,1,0,0,0,0,1,1,0,2,0,5,0,0,0,0,0.0,0.0,0,0
EA_Model.Model.Class Model.com.actionbarsherlock.internal.nineoldandroids.animation.KeyframeSet,6,9,9,1,1,0,0,2,2,0,0,1,0,0,0,0,3,3,0,1,2,0,3,0,0,0,0.0,0.0,0,0
EA_Model.Model.Class Model.com.actionbarsherlock.internal.nineoldandroids.animation.ObjectAnimator,3,21,18,8,2,0,0,0,0,2,2,0,66,37,0,0,0,0,0,0,0,0,2,0,0,0,0.0,0.0,0,0
EA_Model.Model.Class Model.com.actionbarsherlock.internal.nineoldandroids.animation.PropertyValuesHolder.FloatPropertyValuesHolder,2,8,4,3,1,1,0,0,0,1,1,0,27,16,0,0,0,1,0,0,1,0,1,0,0,0,0.0,0.0,0,0
EA_Model.Model.Class Model.com.actionbarsherlock.internal.nineoldandroids.animation.PropertyValuesHolder.IntPropertyValuesHolder,2,8,4,3,1,1,0,0,0,1,1,0,27,16,0,0,0,1,0,0,1,0,1,0,0,0,0.0,0.0,0,0
EA_Model.Model.Class Model.com.actionbarsherlock.internal.nineoldandroids.animation.PropertyValuesHolder,16,27,13,14,4,0,0,2,2,0,0,1,0,0,0,0,3,3,0,1,2,4,5,0,0,0,0.0,0.0,0,0
EA_Model.Model.Class Model.com.actionbarsherlock.internal.nineoldandroids.animation.ValueAnimator.AnimationHandler,0,1,1,0,0,1,0,0,0,0,0,0,0,0,0,0,0,0,0,0,0,0,0,0,0,0,0.0,0.0,0,0
EA_Model.Model.Class Model.com.actionbarsherlock.internal.nineoldandroids.animation.ValueAnimator,36,48,41,12,14,0,0,1,1,1,1,1,18,1,0,0,2,2,0,1,1,0,7,0,0,0,0.0,0.0,0,0
EA_Model.Model.Class Model.com.actionbarsherlock.internal.nineoldandroids.animation.TypeEvaluator.T,0,0,0,0,0,0,0,0,0,0,0,0,0,0,0,0,0,0,0,0,0,0,0,0,0,0,0.0,0.0,0,0
EA_Model.Model.Class Model.com.actionbarsherlock.internal.nineoldandroids.view.NineViewGroup,1,10,10,4,3,0,0,1,3,0,0,2,0,0,0,0,0,1,0,0,1,0,0,0,0,0,0.0,0.0,0,0
EA_Model.Model.Class Model.com.actionbarsherlock.internal.nineoldandroids.view.animation.AnimatorProxy,11,22,16,7,7,0,0,0,0,0,0,0,0,0,0,0,0,1,3,4,0,0,0,0,0,0,0.0,0.0,0,0
EA_Model.Model.Class Model.com.actionbarsherlock.internal.nineoldandroids.widget.NineFrameLayout,1,6,6,3,2,0,0,1,1,0,0,1,0,0,0,0,0,0,2,1,1,0,0,0,0,0,0.0,0.0,0,0
EA_Model.Model.Class Model.com.actionbarsherlock.internal.nineoldandroids.widget.NineHorizontalScrollView,1,4,4,2,1,0,0,1,1,0,0,1,0,0,0,0,0,0,1,0,1,0,0,0,0,0,0.0,0.0,0,0
EA_Model.Model.Class Model.com.actionbarsherlock.internal.nineoldandroids.widget.NineLinearLayout,1,6,6,3,2,0,0,1,3,0,0,2,0,0,0,0,0,0,2,1,1,0,0,0,0,0,0.0,0.0,0,0
EA_Model.Model.Class Model.com.actionbarsherlock.internal.view.ActionProviderWrapper,1,6,6,0,1,0,0,0,0,0,0,0,0,0,0,0,0,0,1,0,1,0,2,0,0,0,0.0,0.0,0,0
EA_Model.Model.Class Model.com.actionbarsherlock.internal.view.StandaloneActionMode,7,19,19,5,6,0,0,0,0,1,1,0,15,1,0,0,0,1,2,0,2,0,9,0,0,0,0.0,0.0,0,0
EA_Model.Model.Class Model.com.actionbarsherlock.internal.view.menu.ActionMenu,3,28,26,4,4,0,0,0,0,0,0,0,0,0,0,0,0,0,0,0,0,0,11,0,0,0,0.0,0.0,0,0
EA_Model.Model.Class Model.com.actionbarsherlock.internal.view.menu.ActionMenuItem,17,44,44,21,19,0,0,0,0,0,0,0,0,0,0,0,0,0,2,1,0,1,24,0,0,0,0.0,0.0,0,0
EA_Model.Model.Class Model.com.actionbarsherlock.internal.view.menu.ActionMenuItemView,9,30,26,8,2,0,0,0,0,0,0,0,0,0,0,0,1,2,1,0,2,0,4,0,0,0,0.0,0.0,0,0
EA_Model.Model.Class Model.com.actionbarsherlock.internal.view.menu.ActionMenuPresenter.ActionButtonSubmenu,0,2,2,0,0,1,0,0,0,1,1,0,28,13,0,0,0,1,0,1,0,0,1,0,0,0,0.0,0.0,0,0
EA_Model.Model.Class Model.com.actionbarsherlock.internal.view.menu.ActionMenuPresenter.HasPermanentMenuKey,0,1,1,0,1,1,0,0,0,0,0,0,0,0,0,0,0,0,0,0,0,0,0,0,0,0,0.0,0.0,0,0
EA_Model.Model.Class Model.com.actionbarsherlock.internal.view.menu.ActionMenuPresenter.OpenOverflowRunnable,1,2,2,0,0,1,0,0,0,0,0,0,0,0,0,0,1,2,0,1,1,0,1,0,0,0,0.0,0.0,0,0
EA_Model.Model.Class Model.com.actionbarsherlock.internal.view.menu.ActionMenuPresenter.OverflowMenuButton,1,8,6,0,0,1,0,0,0,0,0,0,0,0,0,0,0,0,0,0,0,0,2,0,0,0,0.0,0.0,0,0
EA_Model.Model.Class Model.com.actionbarsherlock.internal.view.menu.ActionMenuPresenter.OverflowPopup,0,2,2,0,0,1,0,0,0,1,1,0,28,13,0,0,1,2,0,2,0,1,1,0,0,0,0.0,0.0,0,0
EA_Model.Model.Class Model.com.actionbarsherlock.internal.view.menu.ActionMenuPresenter.PopupPresenterCallback,0,2,2,0,0,1,0,0,0,0,0,0,0,0,0,0,0,1,0,1,0,0,2,0,0,0,0.0,0.0,0,0
EA_Model.Model.Class Model.com.actionbarsherlock.internal.view.menu.ActionMenuPresenter.SavedState,2,4,2,0,0,1,0,0,0,0,0,0,0,0,0,0,0,0,0,0,0,0,0,0,0,0,0.0,0.0,0,0
EA_Model.Model.Class Model.com.actionbarsherlock.internal.view.menu.ActionMenuPresenter,18,27,26,4,4,0,0,0,0,1,1,0,18,11,0,0,1,5,1,2,4,1,8,0,0,0,0.0,0.0,0,0
EA_Model.Model.Class Model.com.actionbarsherlock.internal.view.menu.ActionMenuView.LayoutParams,6,4,4,0,0,1,0,0,0,0,0,0,0,0,0,0,0,0,0,0,0,7,1,0,0,0,0.0,0.0,0,0
EA_Model.Model.Class Model.com.actionbarsherlock.internal.view.menu.ActionMenuView,11,23,14,2,4,0,0,0,0,2,2,0,20,14,0,0,2,2,1,1,2,0,7,0,0,0,0.0,0.0,0,0
EA_Model.Model.Class Model.com.actionbarsherlock.internal.view.menu.BaseMenuPresenter,11,18,16,2,3,0,0,1,1,0,0,1,0,0,0,0,2,3,0,0,3,0,12,0,0,0,0.0,0.0,0,0
EA_Model.Model.Class Model.com.actionbarsherlock.internal.view.menu.ListMenuItemView,13,18,12,6,2,0,0,0,0,0,0,0,0,0,0,0,1,1,0,0,1,0,2,0,0,0,0.0,0.0,0,0
EA_Model.Model.Class Model.com.actionbarsherlock.internal.view.menu.MenuBuilder,27,87,56,17,18,0,0,1,1,0,0,1,0,0,0,0,5,9,4,13,2,44,24,0,0,0,0.0,0.0,0,0
EA_Model.Model.Class Model.com.actionbarsherlock.internal.view.menu.MenuItemImpl,35,66,56,28,27,0,0,0,0,0,0,0,0,0,0,0,4,4,4,5,4,32,26,0,0,0,0.0,0.0,0,0
EA_Model.Model.Class Model.com.actionbarsherlock.internal.view.menu.MenuItemWrapper,5,43,43,20,19,0,0,0,0,0,0,0,0,0,0,0,0,0,3,0,3,0,24,0,0,0,0.0,0.0,0,0
EA_Model.Model.Class Model.com.actionbarsherlock.internal.view.menu.MenuPopupHelper.ExpandedIndexObserver,0,1,1,0,0,1,0,0,0,0,0,0,0,0,0,0,0,0,0,0,0,0,0,0,0,0,0.0,0.0,0,0
EA_Model.Model.Class Model.com.actionbarsherlock.internal.view.menu.MenuPopupHelper.MenuAdapter,2,6,5,0,4,1,0,0,0,0,0,0,0,0,0,0,0,2,0,1,1,0,2,0,0,0,0.0,0.0,0,0
EA_Model.Model.Class Model.com.actionbarsherlock.internal.view.menu.MenuPopupHelper,13,28,27,3,3,0,0,2,2,0,0,1,0,0,0,0,1,3,1,0,4,0,12,0,0,0,0.0,0.0,0,0
EA_Model.Model.Class Model.com.actionbarsherlock.internal.view.menu.MenuWrapper,2,30,28,4,3,0,0,1,1,0,0,1,0,0,0,0,0,1,1,2,0,1,13,0,0,0,0.0,0.0,0,0
EA_Model.Model.Class Model.com.actionbarsherlock.internal.view.menu.SubMenuBuilder,2,20,19,10,6,0,0,0,0,1,1,0,87,27,0,0,2,2,0,1,2,12,17,0,0,0,0.0,0.0,0,0
EA_Model.Model.Class Model.com.actionbarsherlock.internal.view.menu.SubMenuWrapper,2,10,10,7,1,0,0,0,0,1,1,0,30,2,0,0,0,0,1,0,1,0,8,0,0,0,0.0,0.0,0,0
EA_Model.Model.Class Model.com.actionbarsherlock.internal.widget.AbsActionBarView.VisibilityAnimListener,2,5,5,0,0,1,0,0,0,0,0,0,0,0,0,0,0,1,0,1,0,1,5,0,0,0,0.0,0.0,0,0
EA_Model.Model.Class Model.com.actionbarsherlock.internal.widget.AbsActionBarView,11,21,18,5,4,0,0,2,2,1,1,1,10,1,0,0,1,2,3,0,5,0,1,0,0,0,0.0,0.0,0,0
EA_Model.Model.Class Model.com.actionbarsherlock.internal.widget.ActionBarContainer,8,15,15,5,1,0,0,0,0,1,1,0,6,1,0,0,2,2,1,3,1,1,1,0,0,0,0.0,0.0,0,0
EA_Model.Model.Class Model.com.actionbarsherlock.internal.widget.ActionBarContextView,16,31,24,5,3,0,0,0,0,2,2,0,31,12,0,0,1,2,4,4,2,2,7,0,0,0,0.0,0.0,0,0
EA_Model.Model.Class Model.com.actionbarsherlock.internal.widget.ActionBarView.ExpandedActionViewMenuPresenter,2,12,12,1,2,1,0,0,0,0,0,0,0,0,0,0,0,1,2,1,2,0,9,0,0,0,0.0,0.0,0,0
EA_Model.Model.Class Model.com.actionbarsherlock.internal.widget.ActionBarView.HomeView,3,11,8,2,1,1,0,0,0,0,0,0,0,0,0,0,0,1,0,2,0,0,0,0,0,0,0.0,0.0,0,0
EA_Model.Model.Class Model.com.actionbarsherlock.internal.widget.ActionBarView.SavedState,3,3,1,0,0,1,0,0,0,0,0,0,0,0,0,0,0,0,0,0,0,0,0,0,0,0,0.0,0.0,0,0
EA_Model.Model.Class Model.com.actionbarsherlock.internal.widget.ActionBarView,43,49,42,21,11,0,0,0,0,2,2,0,31,12,0,0,6,10,5,3,10,0,5,0,0,0,0.0,0.0,0,0
EA_Model.Model.Class Model.com.actionbarsherlock.internal.widget.CapitalizingButton,7,2,2,1,0,0,0,0,0,0,0,0,0,0,0,0,0,0,1,1,0,0,0,0,0,0,0.0,0.0,0,0
EA_Model.Model.Class Model.com.actionbarsherlock.internal.widget.CapitalizingTextView,5,3,3,1,0,0,0,0,0,0,0,0,0,0,0,0,0,1,0,1,0,0,0,0,0,0,0.0,0.0,0,0
EA_Model.Model.Class Model.com.actionbarsherlock.internal.widget.CollapsibleActionViewWrapper,1,4,4,0,0,0,0,0,0,0,0,0,0,0,0,0,0,0,1,0,1,0,0,0,0,0,0.0,0.0,0,0
EA_Model.Model.Class Model.com.actionbarsherlock.internal.widget.IcsAbsSpinner.RecycleBin,1,3,1,0,1,1,0,0,0,0,0,0,0,0,0,0,0,1,0,1,0,0,0,0,0,0,0.0,0.0,0,0
EA_Model.Model.Class Model.com.actionbarsherlock.internal.widget.IcsAbsSpinner.SavedState,3,4,2,0,0,1,0,0,0,0,0,0,0,0,0,0,0,0,0,0,0,0,0,0,0,0,0.0,0.0,0,0
EA_Model.Model.Class Model.com.actionbarsherlock.internal.widget.IcsAbsSpinner,13,22,13,4,5,0,0,1,1,1,1,1,57,33,0,0,0,1,0,0,1,0,0,0,0,0,0.0,0.0,0,0
EA_Model.Model.Class Model.com.actionbarsherlock.internal.widget.IcsAdapterView.T,0,0,0,0,0,1,0,0,0,0,0,0,0,0,0,0,0,0,0,0,0,0,0,0,0,0,0.0,0.0,0,0
EA_Model.Model.Class Model.com.actionbarsherlock.internal.widget.IcsAdapterView.AdapterContextMenuInfo,3,1,1,0,0,1,0,0,0,0,0,0,0,0,0,0,0,0,0,0,0,0,0,0,0,0,0.0,0.0,0,0
EA_Model.Model.Class Model.com.actionbarsherlock.internal.widget.IcsAdapterView.AdapterDataSetObserver,1,3,3,0,0,1,0,0,0,0,0,0,0,0,0,0,0,0,0,0,0,0,0,0,0,0,0.0,0.0,0,0
EA_Model.Model.Class Model.com.actionbarsherlock.internal.widget.IcsAdapterView.SelectionNotifier,0,1,1,0,0,1,0,0,0,0,0,0,0,0,0,0,0,1,0,1,0,0,0,0,0,0,0.0,0.0,0,0
EA_Model.Model.Class Model.com.actionbarsherlock.internal.widget.IcsAdapterView,33,57,39,11,17,0,0,1,2,0,0,2,0,0,0,0,0,3,0,0,3,0,6,0,0,0,0.0,0.0,0,0
EA_Model.Model.Class Model.com.actionbarsherlock.internal.widget.IcsColorDrawable,2,6,6,2,1,0,0,0,0,0,0,0,0,0,0,0,0,0,0,0,0,0,0,0,0,0,0.0,0.0,0,0
EA_Model.Model.Class Model.com.actionbarsherlock.internal.widget.IcsLinearLayout,13,14,7,3,4,0,0,2,2,1,1,1,6,1,0,0,2,2,1,3,0,1,0,0,0,0,0.0,0.0,0,0
EA_Model.Model.Class Model.com.actionbarsherlock.internal.widget.IcsListPopupWindow.DropDownListView,2,5,5,0,4,1,0,0,0,0,0,0,0,0,0,0,0,1,0,1,0,0,0,0,0,0,0.0,0.0,0,0
EA_Model.Model.Class Model.com.actionbarsherlock.internal.widget.IcsListPopupWindow.ListSelectorHider,0,1,1,0,0,1,0,0,0,0,0,0,0,0,0,0,0,1,0,1,0,0,0,0,0,0,0.0,0.0,0,0
EA_Model.Model.Class Model.com.actionbarsherlock.internal.widget.IcsListPopupWindow.PopupDataSetObserver,0,2,2,0,0,1,0,0,0,0,0,0,0,0,0,0,0,0,0,0,0,0,0,0,0,0,0.0,0.0,0,0
EA_Model.Model.Class Model.com.actionbarsherlock.internal.widget.IcsListPopupWindow.PopupScrollListener,0,2,2,0,0,1,0,0,0,0,0,0,0,0,0,0,0,1,0,1,0,0,0,0,0,0,0.0,0.0,0,0
EA_Model.Model.Class Model.com.actionbarsherlock.internal.widget.IcsListPopupWindow.PopupTouchInterceptor,0,1,1,0,0,1,0,0,0,0,0,0,0,0,0,0,0,1,0,1,0,0,0,0,0,0,0.0,0.0,0,0
EA_Model.Model.Class Model.com.actionbarsherlock.internal.widget.IcsListPopupWindow.ResizePopupRunnable,0,1,1,0,0,1,0,0,0,0,0,0,0,0,0,0,0,1,0,1,0,0,0,0,0,0,0.0,0.0,0,0
EA_Model.Model.Class Model.com.actionbarsherlock.internal.widget.IcsListPopupWindow,27,25,20,12,4,0,0,1,1,0,0,1,0,0,0,0,1,6,2,2,6,1,0,0,0,0,0.0,0.0,0,0
EA_Model.Model.Class Model.com.actionbarsherlock.internal.widget.IcsProgressBar.AccessibilityEventSender,0,1,1,0,0,1,0,0,0,0,0,0,0,0,0,0,0,1,0,1,0,0,0,0,0,0,0.0,0.0,0,0
EA_Model.Model.Class Model.com.actionbarsherlock.internal.widget.IcsProgressBar.RefreshProgressRunnable,3,3,2,1,0,1,0,0,0,0,0,0,0,0,0,0,0,1,0,1,0,0,0,0,0,0,0.0,0.0,0,0
EA_Model.Model.Class Model.com.actionbarsherlock.internal.widget.IcsProgressBar.SavedState,3,3,1,0,0,1,0,0,0,0,0,0,0,0,0,0,0,0,0,0,0,0,0,0,0,0,0.0,0.0,0,0
EA_Model.Model.Class Model.com.actionbarsherlock.internal.widget.IcsProgressBar,49,50,28,10,9,0,0,0,0,0,0,0,0,0,0,0,1,4,0,4,2,6,0,0,0,0,0.0,0.0,0,0
EA_Model.Model.Class Model.com.actionbarsherlock.internal.widget.IcsSpinner.DropDownAdapter,2,14,14,0,10,1,0,0,0,0,0,0,0,0,0,0,0,1,0,1,0,0,0,0,0,0,0.0,0.0,0,0
EA_Model.Model.Class Model.com.actionbarsherlock.internal.widget.IcsSpinner.DropdownPopup,2,5,5,2,1,1,0,0,0,1,1,0,25,27,0,0,0,0,0,0,0,0,0,0,0,0,0.0,0.0,0,0
EA_Model.Model.Class Model.com.actionbarsherlock.internal.widget.IcsSpinner,8,19,12,7,2,0,0,0,0,2,2,0,79,46,0,0,2,4,0,2,2,1,0,0,0,0,0.0,0.0,0,0
EA_Model.Model.Class Model.com.actionbarsherlock.internal.widget.IcsToast,3,4,4,1,0,0,0,0,0,0,0,0,0,0,0,0,0,0,0,0,0,0,0,0,0,0,0.0,0.0,0,0
EA_Model.Model.Class Model.com.actionbarsherlock.internal.widget.IcsView,0,2,1,0,1,0,0,0,0,0,0,0,0,0,0,0,0,0,0,0,0,0,0,0,0,0,0.0,0.0,0,0
EA_Model.Model.Class Model.com.actionbarsherlock.internal.widget.PopupWindowCompat,5,17,14,0,0,0,0,0,0,0,0,0,0,0,0,0,1,1,0,1,0,0,0,0,0,0,0.0,0.0,0,0
EA_Model.Model.Class Model.com.actionbarsherlock.internal.widget.ScrollingTabContainerView.TabAdapter,0,4,4,0,4,1,0,0,0,0,0,0,0,0,0,0,0,0,0,0,0,0,0,0,0,0,0.0,0.0,0,0
EA_Model.Model.Class Model.com.actionbarsherlock.internal.widget.ScrollingTabContainerView.TabClickListener,0,1,1,0,0,1,0,0,0,0,0,0,0,0,0,0,0,1,0,1,0,0,0,0,0,0,0.0,0.0,0,0
EA_Model.Model.Class Model.com.actionbarsherlock.internal.widget.ScrollingTabContainerView.TabView,5,6,6,0,1,1,0,0,0,0,0,0,0,0,0,0,0,2,1,0,2,1,1,0,0,0,0.0,0.0,0,0
EA_Model.Model.Class Model.com.actionbarsherlock.internal.widget.ScrollingTabContainerView.VisibilityAnimListener,2,5,5,0,0,1,0,0,0,0,0,0,0,0,0,0,0,1,0,1,0,1,5,0,0,0,0.0,0.0,0,0
EA_Model.Model.Class Model.com.actionbarsherlock.internal.widget.ScrollingTabContainerView,13,23,16,3,1,0,0,0,0,1,1,0,4,1,0,0,3,6,2,2,5,2,3,0,0,0,0.0,0.0,0,0
EA_Model.Model.Class Model.com.actionbarsherlock.internal.widget.TabsLinearLayout,3,5,3,1,1,0,0,0,0,2,2,0,20,14,0,0,0,0,0,0,0,0,0,0,0,0,0.0,0.0,0,0
EA_Model.Model.Class Model.com.actionbarsherlock.view.ActionMode,1,15,15,6,7,0,0,3,3,0,0,1,0,0,0,0,0,0,2,2,0,27,2,0,0,0,0.0,0.0,0,0
EA_Model.Model.Class Model.com.actionbarsherlock.view.ActionProvider,1,7,7,1,1,0,0,1,1,0,0,1,0,0,0,0,0,2,3,4,1,13,2,0,0,0,0.0,0.0,0,0
EA_Model.Model.Class Model.com.actionbarsherlock.view.MenuInflater.InflatedOnMenuItemClickListener,3,2,2,0,0,1,0,0,0,0,0,0,0,0,0,0,0,0,0,0,0,0,1,0,0,0,0.0,0.0,0,0
EA_Model.Model.Class Model.com.actionbarsherlock.view.MenuInflater.MenuState,33,10,7,1,2,1,0,0,0,0,0,0,0,0,0,0,0,2,0,0,2,0,3,0,0,0,0.0,0.0,0,0
EA_Model.Model.Class Model.com.actionbarsherlock.view.MenuInflater,11,4,3,0,0,0,0,0,0,0,0,0,0,0,0,0,0,1,1,2,0,22,2,0,0,0,0.0,0.0,0,0
EA_Model.Model.Class Model.com.actionbarsherlock.view.Window,6,1,0,0,0,0,0,0,0,0,0,0,0,0,0,0,0,0,0,0,0,0,0,0,0,0,0.0,0.0,0,0
EA_Model.Model.Class Model.com.actionbarsherlock.widget.ActivityChooserModel.ActivityResolveInfo,2,5,5,0,1,1,0,0,0,0,0,0,0,0,0,0,1,2,0,0,0,0,0,0,0,0,0.0,0.0,0,0
EA_Model.Model.Class Model.com.actionbarsherlock.widget.ActivityChooserModel.DefaultSorter,2,1,1,0,0,1,0,0,0,0,0,0,0,0,0,0,1,1,0,0,0,0,0,0,0,0,0.0,0.0,0,0
EA_Model.Model.Class Model.com.actionbarsherlock.widget.ActivityChooserModel.HistoricalRecord,3,5,5,0,1,1,0,0,0,0,0,0,0,0,0,0,0,1,0,0,0,1,0,0,0,0,0.0,0.0,0,0
EA_Model.Model.Class Model.com.actionbarsherlock.widget.ActivityChooserModel.HistoryLoader,0,1,1,0,0,1,0,0,0,0,0,0,0,0,0,0,0,0,0,0,0,0,0,0,0,0,0.0,0.0,0,0
EA_Model.Model.Class Model.com.actionbarsherlock.widget.ActivityChooserModel.HistoryPersister,0,1,1,0,0,1,0,0,0,0,0,0,0,0,0,0,0,0,0,0,0,0,0,0,0,0,0.0,0.0,0,0
EA_Model.Model.Class Model.com.actionbarsherlock.widget.ActivityChooserModel,29,21,14,5,8,0,0,0,0,0,0,0,0,0,0,0,0,5,0,1,2,5,3,0,0,0,0.0,0.0,0,0
EA_Model.Model.Class Model.com.actionbarsherlock.widget.ActivityChooserView.ActivityChooserViewAdapter,10,17,17,4,12,1,0,0,0,0,0,0,0,0,0,0,0,2,0,1,1,0,2,0,0,0,0.0,0.0,0,0
EA_Model.Model.Class Model.com.actionbarsherlock.widget.ActivityChooserView.Callbacks,0,5,4,0,0,1,0,0,0,0,0,0,0,0,0,0,0,1,0,1,0,0,0,0,0,0,0.0,0.0,0,0
EA_Model.Model.Class Model.com.actionbarsherlock.widget.ActivityChooserView.SetActivated,0,1,1,0,0,1,0,0,0,0,0,0,0,0,0,0,0,0,0,0,0,0,0,0,0,0,0.0,0.0,0,0
EA_Model.Model.Class Model.com.actionbarsherlock.widget.ActivityChooserView,20,21,14,7,3,0,0,0,0,0,0,0,0,0,0,0,0,2,3,0,5,0,4,0,0,0,0.0,0.0,0,0
EA_Model.Model.Class Model.com.actionbarsherlock.widget.SearchView.SearchAutoComplete,2,12,8,2,1,1,0,0,0,0,0,0,0,0,0,0,0,1,0,1,1,0,1,0,0,0,0.0,0.0,0,0
EA_Model.Model.Class Model.com.actionbarsherlock.widget.SearchView,45,80,37,20,16,0,0,0,0,0,0,0,0,0,0,0,1,5,1,1,5,1,3,0,0,0,0.0,0.0,0,0
EA_Model.Model.Class Model.com.actionbarsherlock.widget.ShareActionProvider.ShareAcitivityChooserModelPolicy,0,1,1,0,0,1,0,0,0,0,0,0,0,0,0,0,0,0,0,0,0,0,1,0,0,0,0.0,0.0,0,0
EA_Model.Model.Class Model.com.actionbarsherlock.widget.ShareActionProvider.ShareMenuItemOnMenuItemClickListener,0,1,1,0,0,1,0,0,0,0,0,0,0,0,0,0,0,1,0,1,0,0,1,0,0,0,0.0,0.0,0,0
EA_Model.Model.Class Model.com.actionbarsherlock.widget.ShareActionProvider,8,8,7,4,1,0,0,0,0,1,1,0,7,1,0,0,0,3,0,0,3,0,2,0,0,0,0.0,0.0,0,0
EA_Model.Model.Class Model.com.actionbarsherlock.widget.SuggestionsAdapter.ChildViewCache,5,1,1,0,0,1,0,0,0,0,0,0,0,0,0,0,0,0,0,0,0,0,0,0,0,0,0.0,0.0,0,0
EA_Model.Model.Class Model.com.actionbarsherlock.widget.SuggestionsAdapter,21,31,17,3,14,0,0,0,0,0,0,0,0,0,0,0,1,1,0,0,1,0,1,0,0,0,0.0,0.0,0,0
EA_Model.Model.Class Model.com.boardgamegeek.auth.AuthProfile,4,2,1,0,1,0,0,0,0,0,0,0,0,0,0,0,0,0,0,0,0,0,0,0,0,0,0.0,0.0,0,0
EA_Model.Model.Class Model.com.boardgamegeek.auth.AuthenticationService,2,3,3,0,0,0,0,0,0,0,0,0,0,0,0,0,1,1,0,0,1,0,0,0,0,0,0.0,0.0,0,0
EA_Model.Model.Class Model.com.boardgamegeek.auth.Authenticator,8,23,20,0,12,0,0,0,0,0,0,0,0,0,0,0,1,1,0,1,0,0,0,0,0,0,0.0,0.0,0,0
EA_Model.Model.Class Model.com.boardgamegeek.data.AverageRatingFilterData,5,9,6,2,2,0,0,0,0,1,1,0,17,6,0,0,0,0,0,0,0,0,0,0,0,0,0.0,0.0,0,0
EA_Model.Model.Class Model.com.boardgamegeek.data.AverageWeightFilterData,6,10,7,2,3,0,0,0,0,1,1,0,17,6,0,0,0,0,0,0,0,0,0,0,0,0,0.0,0.0,0,0
EA_Model.Model.Class Model.com.boardgamegeek.data.CollectionFilterData,6,17,16,1,6,0,0,10,10,0,0,1,0,0,0,0,0,0,1,0,0,34,0,0,0,0,0.0,0.0,0,0
EA_Model.Model.Class Model.com.boardgamegeek.data.CollectionFilterDataFactory,10,1,1,0,0,0,0,0,0,0,0,0,0,0,0,0,0,0,0,0,0,0,1,0,0,0,0.0,0.0,0,0
EA_Model.Model.Class Model.com.boardgamegeek.data.CollectionStatusFilterData,3,9,6,0,2,0,0,0,0,1,1,0,17,6,0,0,0,0,0,0,0,2,0,0,0,0,0.0,0.0,0,0
EA_Model.Model.Class Model.com.boardgamegeek.data.ExpansionStatusFilterData,1,8,5,1,1,0,0,0,0,1,1,0,17,6,0,0,0,0,0,0,0,2,0,0,0,0,0.0,0.0,0,0
EA_Model.Model.Class Model.com.boardgamegeek.data.GeekRankingFilterData,6,10,7,2,3,0,0,0,0,1,1,0,17,6,0,0,0,0,0,0,0,0,0,0,0,0,0.0,0.0,0,0
EA_Model.Model.Class Model.com.boardgamegeek.data.GeekRatingFilterData,5,9,6,2,2,0,0,0,0,1,1,0,17,6,0,0,0,0,0,0,0,0,0,0,0,0,0.0,0.0,0,0
EA_Model.Model.Class Model.com.boardgamegeek.data.PlayTimeFilterData,6,10,7,2,3,0,0,0,0,1,1,0,17,6,0,0,0,0,0,0,0,0,0,0,0,0,0.0,0.0,0,0
EA_Model.Model.Class Model.com.boardgamegeek.data.PlayerNumberFilterData,6,10,7,2,3,0,0,0,0,1,1,0,17,6,0,0,0,0,0,0,0,0,0,0,0,0,0.0,0.0,0,0
EA_Model.Model.Class Model.com.boardgamegeek.data.SuggestedAgeFilterData,6,10,7,2,3,0,0,0,0,1,1,0,17,6,0,0,0,0,0,0,0,0,0,0,0,0,0.0,0.0,0,0
EA_Model.Model.Class Model.com.boardgamegeek.data.YearPublishedFilterData,5,9,6,2,2,0,0,0,0,1,1,0,17,6,0,0,0,0,0,0,0,0,0,0,0,0,0.0,0.0,0,0
EA_Model.Model.Class Model.com.boardgamegeek.data.sort.AverageWeightAscendingSortData,0,2,2,0,1,0,0,0,0,3,3,0,30,7,0,0,0,0,0,0,0,0,0,0,0,0,0.0,0.0,0,0
EA_Model.Model.Class Model.com.boardgamegeek.data.sort.AverageWeightDescendingSortData,0,2,2,0,1,0,0,0,0,3,3,0,30,7,0,0,0,0,0,0,0,0,0,0,0,0,0.0,0.0,0,0
EA_Model.Model.Class Model.com.boardgamegeek.data.sort.AverageWeightSortData,2,5,4,0,4,0,0,2,2,2,2,1,25,5,0,0,0,0,0,0,0,0,0,0,0,0,0.0,0.0,0,0
EA_Model.Model.Class Model.com.boardgamegeek.data.sort.CollectionNameSortData,1,5,5,0,4,0,0,0,0,2,2,0,25,5,0,0,0,0,0,0,0,0,0,0,0,0,0.0,0.0,0,0
EA_Model.Model.Class Model.com.boardgamegeek.data.sort.CollectionSortData,0,2,1,0,1,0,0,10,20,1,1,2,23,5,0,0,0,0,0,0,0,0,0,0,0,0,0.0,0.0,0,0
EA_Model.Model.Class Model.com.boardgamegeek.data.sort.CollectionSortDataFactory,16,1,1,0,0,0,0,0,0,1,1,0,1,1,0,0,0,0,0,0,0,0,1,0,0,0,0.0,0.0,0,0
EA_Model.Model.Class Model.com.boardgamegeek.data.sort.GeekRatingSortData,2,6,5,0,5,0,0,0,0,2,2,0,25,5,0,0,0,0,0,0,0,0,0,0,0,0,0.0,0.0,0,0
EA_Model.Model.Class Model.com.boardgamegeek.data.sort.LastViewedSortData,1,5,5,0,4,0,0,0,0,2,2,0,25,5,0,0,0,0,0,0,0,0,0,0,0,0,0.0,0.0,0,0
EA_Model.Model.Class Model.com.boardgamegeek.data.sort.MyRatingSortData,2,6,5,0,5,0,0,0,0,2,2,0,25,5,0,0,0,0,0,0,0,0,0,0,0,0,0.0,0.0,0,0
EA_Model.Model.Class Model.com.boardgamegeek.data.sort.PlayCountAscendingSortData,0,2,2,0,1,0,0,0,0,3,3,0,29,5,0,0,0,0,0,0,0,0,0,0,0,0,0.0,0.0,0,0
EA_Model.Model.Class Model.com.boardgamegeek.data.sort.PlayCountDescendingSortData,0,2,2,0,1,0,0,0,0,3,3,0,29,5,0,0,0,0,0,0,0,0,0,0,0,0,0.0,0.0,0,0
EA_Model.Model.Class Model.com.boardgamegeek.data.sort.PlayCountSortData,0,4,4,0,3,0,0,2,2,2,2,1,25,5,0,0,0,0,0,0,0,0,0,0,0,0,0.0,0.0,0,0
EA_Model.Model.Class Model.com.boardgamegeek.data.sort.PlayTimeAscendingSortData,0,2,2,0,1,0,0,0,0,3,3,0,29,5,0,0,0,0,0,0,0,0,0,0,0,0,0.0,0.0,0,0
EA_Model.Model.Class Model.com.boardgamegeek.data.sort.PlayTimeDescendingSortData,0,2,2,0,1,0,0,0,0,3,3,0,29,5,0,0,0,0,0,0,0,0,0,0,0,0,0.0,0.0,0,0
EA_Model.Model.Class Model.com.boardgamegeek.data.sort.PlayTimeSortData,0,4,4,0,3,0,0,2,2,2,2,1,25,5,0,0,0,0,0,0,0,0,0,0,0,0,0.0,0.0,0,0
EA_Model.Model.Class Model.com.boardgamegeek.data.sort.PlaysDateSortData,2,5,4,0,4,0,0,0,0,2,2,0,25,5,0,0,0,0,0,0,0,0,0,0,0,0,0.0,0.0,0,0
EA_Model.Model.Class Model.com.boardgamegeek.data.sort.PlaysGameSortData,0,5,5,0,4,0,0,0,0,2,2,0,25,5,0,0,0,0,0,0,0,0,0,0,0,0,0.0,0.0,0,0
EA_Model.Model.Class Model.com.boardgamegeek.data.sort.PlaysLengthSortData,4,4,4,0,3,0,0,0,0,2,2,0,25,5,0,0,0,0,0,0,0,0,0,0,0,0,0.0,0.0,0,0
EA_Model.Model.Class Model.com.boardgamegeek.data.sort.PlaysLocationSortData,1,4,4,0,3,0,0,0,0,2,2,0,25,5,0,0,0,0,0,0,0,0,0,0,0,0,0.0,0.0,0,0
EA_Model.Model.Class Model.com.boardgamegeek.data.sort.PlaysSortData,0,2,1,0,1,0,0,4,4,1,1,1,23,5,0,0,0,0,0,0,0,0,0,0,0,0,0.0,0.0,0,0
EA_Model.Model.Class Model.com.boardgamegeek.data.sort.PlaysSortDataFactory,6,1,1,0,0,0,0,0,0,0,0,0,0,0,0,0,0,0,0,0,0,0,1,0,0,0,0.0,0.0,0,0
EA_Model.Model.Class Model.com.boardgamegeek.data.sort.SortData,5,23,8,0,22,0,0,2,26,0,0,3,0,0,0,0,0,0,2,2,0,4,0,0,0,0,0.0,0.0,0,0
EA_Model.Model.Class Model.com.boardgamegeek.data.sort.SortDataFactory,1,1,1,0,0,0,0,1,1,0,0,1,0,0,0,0,0,0,0,0,0,0,0,0,0,0,0.0,0.0,0,0
EA_Model.Model.Class Model.com.boardgamegeek.data.sort.SuggestedAgeAscendingSortData,0,2,2,0,1,0,0,0,0,3,3,0,29,6,0,0,0,0,0,0,0,0,0,0,0,0,0.0,0.0,0,0
EA_Model.Model.Class Model.com.boardgamegeek.data.sort.SuggestedAgeDescendingSortData,0,2,2,0,1,0,0,0,0,3,3,0,29,6,0,0,0,0,0,0,0,0,0,0,0,0,0.0,0.0,0,0
EA_Model.Model.Class Model.com.boardgamegeek.data.sort.SuggestedAgeSortData,1,4,4,0,3,0,0,2,2,2,2,1,25,5,0,0,0,0,0,0,0,0,0,0,0,0,0.0,0.0,0,0
EA_Model.Model.Class Model.com.boardgamegeek.data.sort.WishlistPrioritySortData,1,5,5,0,4,0,0,0,0,2,2,0,25,5,0,0,0,0,0,0,0,0,0,0,0,0,0.0,0.0,0,0
EA_Model.Model.Class Model.com.boardgamegeek.data.sort.YearPublishedAscendingSortData,0,2,2,0,1,0,0,0,0,3,3,0,28,5,0,0,0,0,0,0,0,0,0,0,0,0,0.0,0.0,0,0
EA_Model.Model.Class Model.com.boardgamegeek.data.sort.YearPublishedDescendingSortData,0,2,2,0,1,0,0,0,0,3,3,0,28,5,0,0,0,0,0,0,0,0,0,0,0,0,0.0,0.0,0,0
EA_Model.Model.Class Model.com.boardgamegeek.data.sort.YearPublishedSortData,0,3,3,0,2,0,0,2,2,2,2,1,25,5,0,0,0,0,0,0,0,0,0,0,0,0,0.0,0.0,0,0
EA_Model.Model.Class Model.com.boardgamegeek.io.Adapter,1,5,3,0,0,0,0,0,0,0,0,0,0,0,0,0,0,0,0,0,0,0,6,0,0,0,0.0,0.0,0,0
EA_Model.Model.Class Model.com.boardgamegeek.io.AuthException,1,3,3,0,0,0,0,0,0,0,0,0,0,0,0,0,0,0,0,0,0,0,0,0,0,0,0.0,0.0,0,0
EA_Model.Model.Class Model.com.boardgamegeek.io.InvalidIdException,1,3,3,0,0,0,0,0,0,0,0,0,0,0,0,0,0,0,0,0,0,0,0,0,0,0,0.0,0.0,0,0
EA_Model.Model.Class Model.com.boardgamegeek.io.JsonConverter,1,3,3,0,0,0,0,0,0,0,0,0,0,0,0,0,0,0,0,0,0,0,0,0,0,0,0.0,0.0,0,0
EA_Model.Model.Class Model.com.boardgamegeek.io.PossibleSuccessException,1,3,3,0,0,0,0,0,0,0,0,0,0,0,0,0,0,0,0,0,0,0,0,0,0,0,0.0,0.0,0,0
EA_Model.Model.Class Model.com.boardgamegeek.io.RetryableException,1,3,3,0,0,0,0,0,0,0,0,0,0,0,0,0,0,0,0,0,0,0,0,0,0,0,0.0,0.0,0,0
EA_Model.Model.Class Model.com.boardgamegeek.io.SimpleXMLConverter,3,4,4,0,0,0,0,0,0,0,0,0,0,0,0,0,0,0,0,0,0,0,0,0,0,0,0.0,0.0,0,0
EA_Model.Model.Class Model.com.boardgamegeek.model.Article,10,1,1,0,0,0,0,0,0,0,0,0,0,0,0,0,1,1,0,0,0,0,0,0,0,0,0.0,0.0,0,0
EA_Model.Model.Class Model.com.boardgamegeek.model.Buddies,3,0,0,0,0,0,0,0,0,0,0,0,0,0,0,0,2,2,0,1,0,0,0,0,0,0,0.0,0.0,0,0
EA_Model.Model.Class Model.com.boardgamegeek.model.Buddy,2,1,1,0,0,0,0,0,0,0,0,0,0,0,0,0,1,1,0,0,0,2,1,0,0,0,0.0,0.0,0,0
EA_Model.Model.Class Model.com.boardgamegeek.model.CollectionItem.Statistics,11,2,2,0,1,1,0,0,0,0,0,0,0,0,0,0,0,1,1,1,0,0,0,0,0,0,0.0,0.0,0,0
EA_Model.Model.Class Model.com.boardgamegeek.model.CollectionItem,37,9,9,0,1,0,0,0,0,0,0,0,0,0,0,0,1,2,1,0,1,3,0,0,0,0,0.0,0.0,0,0
EA_Model.Model.Class Model.com.boardgamegeek.model.CollectionResponse,4,0,0,0,0,0,0,0,0,0,0,0,0,0,0,0,1,1,1,1,0,3,0,0,0,0,0.0,0.0,0,0
EA_Model.Model.Class Model.com.boardgamegeek.model.Company,4,0,0,0,0,0,0,0,0,0,0,0,0,0,0,0,0,0,0,0,0,2,0,0,0,0,0.0,0.0,0,0
EA_Model.Model.Class Model.com.boardgamegeek.model.Forum,10,3,3,0,1,0,0,0,0,0,0,0,0,0,0,0,1,1,0,0,0,0,0,0,0,0,0.0,0.0,0,0
EA_Model.Model.Class Model.com.boardgamegeek.model.ForumListResponse,4,0,0,0,0,0,0,0,0,0,0,0,0,0,0,0,1,1,1,1,0,2,0,0,0,0,0.0,0.0,0,0
EA_Model.Model.Class Model.com.boardgamegeek.model.ForumResponse,9,2,2,0,0,0,0,0,0,0,0,0,0,0,0,0,1,1,0,0,0,2,0,0,0,0,0.0,0.0,0,0
EA_Model.Model.Class Model.com.boardgamegeek.model.Game.Comment,4,2,2,0,2,1,0,0,0,0,0,0,0,0,0,0,1,1,0,0,0,2,0,0,0,0,0.0,0.0,0,0
EA_Model.Model.Class Model.com.boardgamegeek.model.Game.Comments,3,0,0,0,0,1,0,0,0,0,0,0,0,0,0,0,1,2,0,1,0,0,0,0,0,0,0.0,0.0,0,0
EA_Model.Model.Class Model.com.boardgamegeek.model.Game.Link,4,1,1,0,1,1,0,0,0,0,0,0,0,0,0,0,0,1,0,0,0,0,0,0,0,0,0.0,0.0,0,0
EA_Model.Model.Class Model.com.boardgamegeek.model.Game.Name,3,0,0,0,0,1,0,0,0,0,0,0,0,0,0,0,0,1,0,0,0,0,0,0,0,0,0.0,0.0,0,0
EA_Model.Model.Class Model.com.boardgamegeek.model.Game.Poll,4,0,0,0,0,1,0,0,0,0,0,0,0,0,0,0,1,2,0,0,0,0,0,0,0,0,0.0,0.0,0,0
EA_Model.Model.Class Model.com.boardgamegeek.model.Game.Rank,6,2,2,0,2,1,0,0,0,0,0,0,0,0,0,0,1,1,1,0,0,1,0,0,0,0,0.0,0.0,0,0
EA_Model.Model.Class Model.com.boardgamegeek.model.Game.Result,3,0,0,0,0,1,0,0,0,0,0,0,0,0,0,0,1,1,0,0,0,0,0,0,0,0,0.0,0.0,0,0
EA_Model.Model.Class Model.com.boardgamegeek.model.Game.Results,2,1,1,0,1,1,0,0,0,0,0,0,0,0,0,0,2,2,0,0,0,0,0,0,0,0,0.0,0.0,0,0
EA_Model.Model.Class Model.com.boardgamegeek.model.Game.Statistics,14,12,12,0,0,1,0,0,0,0,0,0,0,0,0,0,1,2,0,1,0,0,0,0,0,0,0.0,0.0,0,0
EA_Model.Model.Class Model.com.boardgamegeek.model.Game,15,15,14,0,13,0,0,0,0,0,0,0,0,0,0,0,1,6,0,0,2,4,1,0,0,0,0.0,0.0,0,0
EA_Model.Model.Class Model.com.boardgamegeek.model.HotGame,5,0,0,0,0,0,0,0,0,0,0,0,0,0,0,0,1,1,0,0,0,0,0,0,0,0,0.0,0.0,0,0
EA_Model.Model.Class Model.com.boardgamegeek.model.HotnessResponse,2,0,0,0,0,0,0,0,0,0,0,0,0,0,0,0,1,1,1,1,0,2,0,0,0,0,0.0,0.0,0,0
EA_Model.Model.Class Model.com.boardgamegeek.model.Person,4,0,0,0,0,0,0,0,0,0,0,0,0,0,0,0,0,0,0,0,0,3,0,0,0,0,0.0,0.0,0,0
EA_Model.Model.Class Model.com.boardgamegeek.model.Play.Subtype,1,0,0,0,0,1,0,0,0,0,0,0,0,0,0,0,0,1,0,0,0,0,0,0,0,0,0.0,0.0,0,0
EA_Model.Model.Class Model.com.boardgamegeek.model.Play,30,44,43,7,12,0,0,0,0,0,0,0,0,0,0,0,2,3,2,3,0,35,4,0,0,0,0.0,0.0,0,0
EA_Model.Model.Class Model.com.boardgamegeek.model.PlayPostResponse,2,7,7,0,6,0,0,0,0,0,0,0,0,0,0,0,0,0,0,0,0,3,0,0,0,0,0.0,0.0,0,0
EA_Model.Model.Class Model.com.boardgamegeek.model.Player,15,20,18,2,4,0,0,0,0,0,0,0,0,0,0,0,1,1,2,2,0,5,0,0,0,0,0.0,0.0,0,0
EA_Model.Model.Class Model.com.boardgamegeek.model.PlaysResponse,7,3,3,0,3,0,0,0,0,0,0,0,0,0,0,0,1,1,0,0,0,9,0,0,0,0,0.0,0.0,0,0
EA_Model.Model.Class Model.com.boardgamegeek.model.SearchResponse,3,0,0,0,0,0,0,0,0,0,0,0,0,0,0,0,1,1,1,1,0,2,0,0,0,0,0.0,0.0,0,0
EA_Model.Model.Class Model.com.boardgamegeek.model.SearchResult,8,1,1,0,1,0,0,0,0,0,0,0,0,0,0,0,1,1,0,0,0,0,0,0,0,0,0.0,0.0,0,0
EA_Model.Model.Class Model.com.boardgamegeek.model.ThingResponse,3,0,0,0,0,0,0,0,0,0,0,0,0,0,0,0,1,1,0,0,0,5,0,0,0,0,0.0,0.0,0,0
EA_Model.Model.Class Model.com.boardgamegeek.model.Thread,9,2,2,0,0,0,0,0,0,0,0,0,0,0,0,0,1,1,0,0,0,2,0,0,0,0,0.0,0.0,0,0
EA_Model.Model.Class Model.com.boardgamegeek.model.ThreadResponse,6,0,0,0,0,0,0,0,0,0,0,0,0,0,0,0,1,1,1,1,0,2,0,0,0,0,0.0,0.0,0,0
EA_Model.Model.Class Model.com.boardgamegeek.model.User,18,1,1,0,1,0,0,0,0,0,0,0,0,0,0,0,1,1,0,0,1,5,0,0,0,0,0.0,0.0,0,0
EA_Model.Model.Class Model.com.boardgamegeek.model.builder.PlayBuilder,15,7,6,0,1,0,0,0,0,0,0,0,0,0,0,0,0,0,0,0,0,0,8,0,0,0,0.0,0.0,0,0
EA_Model.Model.Class Model.com.boardgamegeek.model.persister.BuddyPersister,2,10,6,0,1,0,0,0,0,0,0,0,0,0,0,0,0,0,0,0,0,0,4,0,0,0,0.0,0.0,0,0
EA_Model.Model.Class Model.com.boardgamegeek.model.persister.CollectionPersister,7,12,7,0,1,0,0,0,0,0,0,0,0,0,0,0,0,0,0,0,0,4,3,0,0,0,0.0,0.0,0,0
EA_Model.Model.Class Model.com.boardgamegeek.model.persister.GamePersister.ArtistPersister,0,7,0,0,7,1,0,0,0,1,1,0,8,0,0,0,0,0,0,0,0,0,0,0,0,0,0.0,0.0,0,0
EA_Model.Model.Class Model.com.boardgamegeek.model.persister.GamePersister.CategoryPersister,0,7,0,0,7,1,0,0,0,1,1,0,8,0,0,0,0,0,0,0,0,0,0,0,0,0,0.0,0.0,0,0
EA_Model.Model.Class Model.com.boardgamegeek.model.persister.GamePersister.DesignerPersister,0,7,0,0,7,1,0,0,0,1,1,0,8,0,0,0,0,0,0,0,0,0,0,0,0,0,0.0,0.0,0,0
EA_Model.Model.Class Model.com.boardgamegeek.model.persister.GamePersister.ExpansionPersister,0,7,0,0,7,1,0,0,0,1,1,0,8,0,0,0,0,0,0,0,0,0,0,0,0,0,0.0,0.0,0,0
EA_Model.Model.Class Model.com.boardgamegeek.model.persister.GamePersister.LinkPersister,0,8,0,0,7,1,0,6,6,0,0,1,0,0,0,0,0,0,0,0,0,0,0,0,0,0,0.0,0.0,0,0
EA_Model.Model.Class Model.com.boardgamegeek.model.persister.GamePersister.MechanicPersister,0,7,0,0,7,1,0,0,0,1,1,0,8,0,0,0,0,0,0,0,0,0,0,0,0,0,0.0,0.0,0,0
EA_Model.Model.Class Model.com.boardgamegeek.model.persister.GamePersister.PublisherPersister,0,7,0,0,7,1,0,0,0,1,1,0,8,0,0,0,0,0,0,0,0,0,0,0,0,0,0.0,0.0,0,0
EA_Model.Model.Class Model.com.boardgamegeek.model.persister.GamePersister,5,6,3,0,0,0,0,0,0,0,0,0,0,0,0,0,0,0,0,0,0,0,4,0,0,0,0.0,0.0,0,0
EA_Model.Model.Class Model.com.boardgamegeek.model.persister.PlayPersister,8,18,4,0,2,0,0,0,0,0,0,0,0,0,0,0,0,0,0,0,0,0,16,0,0,0,0.0,0.0,0,0
EA_Model.Model.Class Model.com.boardgamegeek.pref.AsyncDialogPreference.Task,0,1,0,0,0,1,0,3,3,0,0,1,0,0,0,0,0,0,0,0,0,2,0,0,0,0,0.0,0.0,0,0
EA_Model.Model.Class Model.com.boardgamegeek.pref.AsyncDialogPreference,0,7,2,0,3,0,0,3,3,0,0,1,0,0,0,0,0,0,0,0,0,0,1,0,0,0,0.0,0.0,0,0
EA_Model.Model.Class Model.com.boardgamegeek.pref.BuddyPreference,0,4,3,0,0,0,0,0,0,0,0,0,0,0,0,0,0,0,0,0,0,0,0,0,0,0,0.0,0.0,0,0
EA_Model.Model.Class Model.com.boardgamegeek.pref.ClearDialogPreference.ClearTask,1,3,0,0,0,1,0,0,0,1,1,0,1,0,0,0,0,0,0,0,0,0,0,0,0,0,0.0,0.0,0,0
EA_Model.Model.Class Model.com.boardgamegeek.pref.ClearDialogPreference,1,5,2,0,3,0,0,0,0,1,1,0,7,0,0,0,0,0,0,0,0,0,1,0,0,0,0.0,0.0,0,0
EA_Model.Model.Class Model.com.boardgamegeek.pref.ContactUsPreference,0,4,3,0,0,0,0,0,0,0,0,0,0,0,0,0,0,0,0,0,0,0,0,0,0,0,0.0,0.0,0,0
EA_Model.Model.Class Model.com.boardgamegeek.pref.LicensePreference,0,3,2,0,0,0,0,0,0,0,0,0,0,0,0,0,0,0,0,0,0,0,0,0,0,0,0.0,0.0,0,0
EA_Model.Model.Class Model.com.boardgamegeek.pref.LinkPreference,0,4,3,0,0,0,0,0,0,0,0,0,0,0,0,0,0,0,0,0,0,0,0,0,0,0,0.0,0.0,0,0
EA_Model.Model.Class Model.com.boardgamegeek.pref.MultiSelectListPreference.SavedState,2,3,3,0,0,1,0,0,0,0,0,0,0,0,0,0,0,0,0,0,0,0,0,0,0,0,0.0,0.0,0,0
EA_Model.Model.Class Model.com.boardgamegeek.pref.MultiSelectListPreference,6,21,13,5,6,0,0,0,0,0,0,0,0,0,0,0,0,0,0,0,0,0,1,0,0,0,0.0,0.0,0,0
EA_Model.Model.Class Model.com.boardgamegeek.pref.Preferences.PrefFragment,0,4,4,0,0,1,0,0,0,0,0,0,0,0,0,0,0,0,0,0,0,0,0,0,0,0,0.0,0.0,0,0
EA_Model.Model.Class Model.com.boardgamegeek.pref.Preferences,6,5,3,0,1,0,0,0,0,0,0,0,0,0,0,0,0,0,0,0,0,0,0,0,0,0,0.0,0.0,0,0
EA_Model.Model.Class Model.com.boardgamegeek.pref.ResetCollectionDialogPreference.Task,0,1,0,0,0,1,0,0,0,1,1,0,1,0,0,0,0,0,0,0,0,1,0,0,0,0,0.0,0.0,0,0
EA_Model.Model.Class Model.com.boardgamegeek.pref.ResetCollectionDialogPreference,0,5,2,0,3,0,0,0,0,1,1,0,7,0,0,0,0,0,0,0,0,0,1,0,0,0,0.0,0.0,0,0
EA_Model.Model.Class Model.com.boardgamegeek.pref.ResetPlaysDialogPreference.Task,0,1,0,0,0,1,0,0,0,1,1,0,1,0,0,0,0,0,0,0,0,1,0,0,0,0,0.0,0.0,0,0
EA_Model.Model.Class Model.com.boardgamegeek.pref.ResetPlaysDialogPreference,0,5,2,0,3,0,0,0,0,1,1,0,7,0,0,0,0,0,0,0,0,0,1,0,0,0,0.0,0.0,0,0
EA_Model.Model.Class Model.com.boardgamegeek.pref.SignOutPreference,0,6,4,0,2,0,0,0,0,0,0,0,0,0,0,0,0,0,0,0,0,0,0,0,0,0,0.0,0.0,0,0
EA_Model.Model.Class Model.com.boardgamegeek.pref.SyncTimestampsDialogPreference,0,6,2,2,0,0,0,0,0,0,0,0,0,0,0,0,0,0,0,0,0,0,0,0,0,0,0.0,0.0,0,0
EA_Model.Model.Class Model.com.boardgamegeek.pref.VersionPreference,0,5,3,0,1,0,0,0,0,0,0,0,0,0,0,0,0,0,0,0,0,0,0,0,0,0,0.0,0.0,0,0
EA_Model.Model.Class Model.com.boardgamegeek.provider.ArtistsIdProvider,0,3,0,0,2,0,0,0,0,1,1,0,18,0,0,0,0,0,0,0,0,0,1,0,0,0,0.0,0.0,0,0
EA_Model.Model.Class Model.com.boardgamegeek.provider.ArtistsProvider,0,5,0,0,5,0,0,0,0,2,2,0,23,1,0,0,0,0,0,0,0,0,0,0,0,0,0.0,0.0,0,0
EA_Model.Model.Class Model.com.boardgamegeek.provider.AvatarsIdProvider,0,3,0,0,2,0,0,0,0,2,2,0,24,0,0,0,0,0,0,0,0,0,0,0,0,0,0.0,0.0,0,0
EA_Model.Model.Class Model.com.boardgamegeek.provider.AvatarsProvider,0,2,0,0,1,0,0,0,0,1,1,0,18,0,0,0,0,0,0,0,0,0,0,0,0,0,0.0,0.0,0,0
EA_Model.Model.Class Model.com.boardgamegeek.provider.BaseFileProvider,0,6,0,0,2,0,0,3,6,1,1,2,18,0,0,0,0,0,0,0,0,0,0,0,0,0,0.0,0.0,0,0
EA_Model.Model.Class Model.com.boardgamegeek.provider.BaseProvider,0,18,0,0,5,0,0,55,72,0,0,3,0,0,0,0,0,0,0,0,0,2,4,0,0,0,0.0,0.0,0,0
EA_Model.Model.Class Model.com.boardgamegeek.provider.BasicProvider,1,5,0,0,2,0,0,10,10,1,1,1,18,0,0,0,0,0,0,0,0,0,1,0,0,0,0.0,0.0,0,0
EA_Model.Model.Class Model.com.boardgamegeek.provider.BggContract.Artists,4,3,3,0,2,1,0,0,0,0,0,0,0,0,0,0,0,0,0,0,0,0,0,0,0,0,0.0,0.0,0,0
EA_Model.Model.Class Model.com.boardgamegeek.provider.BggContract.Avatars,1,1,1,0,0,1,0,0,0,0,0,0,0,0,0,0,0,0,0,0,0,0,0,0,0,0,0.0,0.0,0,0
EA_Model.Model.Class Model.com.boardgamegeek.provider.BggContract.Buddies,5,3,3,0,2,1,0,0,0,0,0,0,0,0,0,0,0,0,0,0,0,0,0,0,0,0,0.0,0.0,0,0
EA_Model.Model.Class Model.com.boardgamegeek.provider.BggContract.Categories,4,2,2,0,1,1,0,0,0,0,0,0,0,0,0,0,0,0,0,0,0,0,0,0,0,0,0.0,0.0,0,0
EA_Model.Model.Class Model.com.boardgamegeek.provider.BggContract.Collection,5,3,3,0,1,1,0,0,0,0,0,0,0,0,0,0,0,0,0,0,0,0,0,0,0,0,0.0,0.0,0,0
EA_Model.Model.Class Model.com.boardgamegeek.provider.BggContract.CollectionViewFilters,3,1,1,0,1,1,0,0,0,0,0,0,0,0,0,0,0,0,0,0,0,0,0,0,0,0,0.0,0.0,0,0
EA_Model.Model.Class Model.com.boardgamegeek.provider.BggContract.CollectionViews,4,4,4,0,1,1,0,0,0,0,0,0,0,0,0,0,0,0,0,0,0,0,0,0,0,0,0.0,0.0,0,0
EA_Model.Model.Class Model.com.boardgamegeek.provider.BggContract.Designers,4,3,3,0,2,1,0,0,0,0,0,0,0,0,0,0,0,0,0,0,0,0,0,0,0,0,0.0,0.0,0,0
EA_Model.Model.Class Model.com.boardgamegeek.provider.BggContract.GameColors,3,0,0,0,0,1,0,0,0,0,0,0,0,0,0,0,0,0,0,0,0,0,0,0,0,0,0.0,0.0,0,0
EA_Model.Model.Class Model.com.boardgamegeek.provider.BggContract.GamePollResults,4,0,0,0,0,1,0,0,0,0,0,0,0,0,0,0,0,0,0,0,0,0,0,0,0,0,0.0,0.0,0,0
EA_Model.Model.Class Model.com.boardgamegeek.provider.BggContract.GamePollResultsResult,4,0,0,0,0,1,0,0,0,0,0,0,0,0,0,0,0,0,0,0,0,0,0,0,0,0,0.0,0.0,0,0
EA_Model.Model.Class Model.com.boardgamegeek.provider.BggContract.GamePolls,4,0,0,0,0,1,0,0,0,0,0,0,0,0,0,0,0,0,0,0,0,0,0,0,0,0,0.0,0.0,0,0
EA_Model.Model.Class Model.com.boardgamegeek.provider.BggContract.GameRanks,4,2,2,0,1,1,0,0,0,0,0,0,0,0,0,0,0,0,0,0,0,0,0,0,0,0,0.0,0.0,0,0
EA_Model.Model.Class Model.com.boardgamegeek.provider.BggContract.Games,5,51,46,0,11,1,0,0,0,0,0,0,0,0,0,0,0,0,0,0,0,0,5,0,0,0,0.0,0.0,0,0
EA_Model.Model.Class Model.com.boardgamegeek.provider.BggContract.GamesExpansions,4,0,0,0,0,1,0,0,0,0,0,0,0,0,0,0,0,0,0,0,0,0,0,0,0,0,0.0,0.0,0,0
EA_Model.Model.Class Model.com.boardgamegeek.provider.BggContract.Mechanics,4,2,2,0,1,1,0,0,0,0,0,0,0,0,0,0,0,0,0,0,0,0,0,0,0,0,0.0,0.0,0,0
EA_Model.Model.Class Model.com.boardgamegeek.provider.BggContract.PlayItems,3,1,1,0,1,1,0,0,0,0,0,0,0,0,0,0,0,0,0,0,0,0,0,0,0,0,0.0,0.0,0,0
EA_Model.Model.Class Model.com.boardgamegeek.provider.BggContract.PlayLocations,1,0,0,0,0,1,0,0,0,0,0,0,0,0,0,0,0,0,0,0,0,0,0,0,0,0,0.0,0.0,0,0
EA_Model.Model.Class Model.com.boardgamegeek.provider.BggContract.PlayPlayers,4,1,1,0,1,1,0,0,0,0,0,0,0,0,0,0,0,0,0,0,0,0,0,0,0,0,0.0,0.0,0,0
EA_Model.Model.Class Model.com.boardgamegeek.provider.BggContract.Plays,6,12,12,0,1,1,0,0,0,0,0,0,0,0,0,0,0,0,0,0,0,0,0,0,0,0,0.0,0.0,0,0
EA_Model.Model.Class Model.com.boardgamegeek.provider.BggContract.Publishers,4,3,3,0,2,1,0,0,0,0,0,0,0,0,0,0,0,0,0,0,0,0,0,0,0,0,0.0,0.0,0,0
EA_Model.Model.Class Model.com.boardgamegeek.provider.BggContract.Thumbnails,1,1,1,0,0,1,0,0,0,0,0,0,0,0,0,0,0,0,0,0,0,0,0,0,0,0,0.0,0.0,0,0
EA_Model.Model.Class Model.com.boardgamegeek.provider.BggContract,35,3,2,0,1,0,0,0,0,0,0,0,0,0,0,0,0,0,0,0,0,0,0,0,0,0,0.0,0.0,0,0
EA_Model.Model.Class Model.com.boardgamegeek.provider.BggDatabase,24,34,4,0,0,0,0,0,0,0,0,0,0,0,0,0,1,1,0,1,0,0,24,0,0,0,0.0,0.0,0,0
EA_Model.Model.Class Model.com.boardgamegeek.provider.BggProvider,5,10,7,0,2,0,0,0,0,0,0,0,0,0,0,0,1,1,0,0,1,0,2,0,0,0,0.0,0.0,0,0
EA_Model.Model.Class Model.com.boardgamegeek.provider.BuddiesIdAvatarProvider,0,4,0,0,4,0,0,0,0,3,3,0,27,0,0,0,0,0,0,0,0,0,0,0,0,0,0.0,0.0,0,0
EA_Model.Model.Class Model.com.boardgamegeek.provider.BuddiesIdProvider,1,3,0,0,2,0,0,0,0,1,1,0,18,0,0,0,1,1,0,0,1,0,1,0,0,0,0.0,0.0,0,0
EA_Model.Model.Class Model.com.boardgamegeek.provider.BuddiesProvider,0,5,0,0,4,0,0,0,0,2,2,0,23,1,0,0,1,1,0,1,0,0,0,0,0,0,0.0,0.0,0,0
EA_Model.Model.Class Model.com.boardgamegeek.provider.CategoriesIdProvider,0,3,0,0,2,0,0,0,0,1,1,0,18,0,0,0,0,0,0,0,0,0,1,0,0,0,0.0,0.0,0,0
EA_Model.Model.Class Model.com.boardgamegeek.provider.CategoriesProvider,0,5,0,0,5,0,0,0,0,2,2,0,23,1,0,0,0,0,0,0,0,0,0,0,0,0,0.0,0.0,0,0
EA_Model.Model.Class Model.com.boardgamegeek.provider.CollectionIdProvider,0,4,0,0,2,0,0,0,0,1,1,0,18,0,0,0,0,0,0,0,0,0,2,0,0,0,0.0,0.0,0,0
EA_Model.Model.Class Model.com.boardgamegeek.provider.CollectionIdThumbnailProvider,0,4,0,0,4,0,0,0,0,3,3,0,27,0,0,0,0,0,0,0,0,0,0,0,0,0,0.0,0.0,0,0
EA_Model.Model.Class Model.com.boardgamegeek.provider.CollectionProvider,0,6,0,0,5,0,0,0,0,2,2,0,23,1,0,0,0,0,0,0,0,0,1,0,0,0,0.0,0.0,0,0
EA_Model.Model.Class Model.com.boardgamegeek.provider.CollectionViewIdFiltersIdProvider,0,5,0,0,2,0,0,0,0,1,1,0,18,0,0,0,0,0,0,0,0,0,3,0,0,0,0.0,0.0,0,0
EA_Model.Model.Class Model.com.boardgamegeek.provider.CollectionViewIdFiltersProvider,0,7,0,0,3,0,0,0,0,1,1,0,18,0,0,0,0,0,0,0,0,0,3,0,0,0,0.0,0.0,0,0
EA_Model.Model.Class Model.com.boardgamegeek.provider.CollectionViewIdProvider,0,3,0,0,2,0,0,0,0,1,1,0,18,0,0,0,0,0,0,0,0,0,1,0,0,0,0.0,0.0,0,0
EA_Model.Model.Class Model.com.boardgamegeek.provider.CollectionViewProvider,0,4,1,0,4,0,0,0,0,2,2,0,23,1,0,0,0,0,0,0,0,0,0,0,0,0,0.0,0.0,0,0
EA_Model.Model.Class Model.com.boardgamegeek.provider.DesignersIdProvider,0,3,0,0,2,0,0,0,0,1,1,0,18,0,0,0,0,0,0,0,0,0,1,0,0,0,0.0,0.0,0,0
EA_Model.Model.Class Model.com.boardgamegeek.provider.DesignersProvider,0,5,0,0,5,0,0,0,0,2,2,0,23,1,0,0,0,0,0,0,0,0,0,0,0,0,0.0,0.0,0,0
EA_Model.Model.Class Model.com.boardgamegeek.provider.GamesArtistsIdProvider,0,3,0,0,2,0,0,0,0,1,1,0,18,0,0,0,0,0,0,0,0,0,1,0,0,0,0.0,0.0,0,0
EA_Model.Model.Class Model.com.boardgamegeek.provider.GamesCategoriesIdProvider,0,4,0,0,3,0,0,0,0,1,1,0,18,0,0,0,0,0,0,0,0,0,1,0,0,0,0.0,0.0,0,0
EA_Model.Model.Class Model.com.boardgamegeek.provider.GamesDesignersIdProvider,0,3,0,0,2,0,0,0,0,1,1,0,18,0,0,0,0,0,0,0,0,0,1,0,0,0,0.0,0.0,0,0
EA_Model.Model.Class Model.com.boardgamegeek.provider.GamesIdArtistsIdProvider,1,3,0,0,2,0,0,0,0,1,1,0,18,0,0,0,1,1,0,0,1,0,1,0,0,0,0.0,0.0,0,0
EA_Model.Model.Class Model.com.boardgamegeek.provider.GamesIdArtistsProvider,1,6,0,0,3,0,0,0,0,1,1,0,18,0,0,0,1,1,0,1,0,0,2,0,0,0,0.0,0.0,0,0
EA_Model.Model.Class Model.com.boardgamegeek.provider.GamesIdCategoriesIdProvider,1,3,0,0,2,0,0,0,0,1,1,0,18,0,0,0,1,1,0,0,1,0,1,0,0,0,0.0,0.0,0,0
EA_Model.Model.Class Model.com.boardgamegeek.provider.GamesIdCategoriesProvider,1,6,0,0,3,0,0,0,0,1,1,0,18,0,0,0,1,1,0,1,0,0,2,0,0,0,0.0,0.0,0,0
EA_Model.Model.Class Model.com.boardgamegeek.provider.GamesIdColorsNameProvider,0,3,0,0,2,0,0,0,0,1,1,0,18,0,0,0,0,0,0,0,0,0,1,0,0,0,0.0,0.0,0,0
EA_Model.Model.Class Model.com.boardgamegeek.provider.GamesIdColorsProvider,1,5,0,0,3,0,0,0,0,1,1,0,18,0,0,0,0,0,0,0,0,0,1,0,0,0,0.0,0.0,0,0
EA_Model.Model.Class Model.com.boardgamegeek.provider.GamesIdDesignersIdProvider,1,3,0,0,2,0,0,0,0,1,1,0,18,0,0,0,1,1,0,0,1,0,1,0,0,0,0.0,0.0,0,0
EA_Model.Model.Class Model.com.boardgamegeek.provider.GamesIdDesignersProvider,1,6,0,0,3,0,0,0,0,1,1,0,18,0,0,0,1,1,0,1,0,0,2,0,0,0,0.0,0.0,0,0
EA_Model.Model.Class Model.com.boardgamegeek.provider.GamesIdExpansionsIdProvider,1,3,0,0,2,0,0,0,0,1,1,0,18,0,0,0,1,1,0,0,1,0,1,0,0,0,0.0,0.0,0,0
EA_Model.Model.Class Model.com.boardgamegeek.provider.GamesIdExpansionsProvider,1,6,0,0,3,0,0,0,0,1,1,0,18,0,0,0,1,1,0,1,0,0,2,0,0,0,0.0,0.0,0,0
EA_Model.Model.Class Model.com.boardgamegeek.provider.GamesIdMechanicsIdProvider,1,3,0,0,2,0,0,0,0,1,1,0,18,0,0,0,1,1,0,0,1,0,1,0,0,0,0.0,0.0,0,0
EA_Model.Model.Class Model.com.boardgamegeek.provider.GamesIdMechanicsProvider,1,6,0,0,3,0,0,0,0,1,1,0,18,0,0,0,1,1,0,1,0,0,2,0,0,0,0.0,0.0,0,0
EA_Model.Model.Class Model.com.boardgamegeek.provider.GamesIdPlaysProvider,0,5,0,0,3,0,0,0,0,1,1,0,18,0,0,0,0,0,0,0,0,0,2,0,0,0,0.0,0.0,0,0
EA_Model.Model.Class Model.com.boardgamegeek.provider.GamesIdPollsNameProvider,0,3,0,0,2,0,0,0,0,1,1,0,18,0,0,0,0,0,0,0,0,0,1,0,0,0,0.0,0.0,0,0
EA_Model.Model.Class Model.com.boardgamegeek.provider.GamesIdPollsNameResultsKeyProvider,0,4,0,0,2,0,0,0,0,1,1,0,18,0,0,0,0,0,0,0,0,0,2,0,0,0,0.0,0.0,0,0
EA_Model.Model.Class Model.com.boardgamegeek.provider.GamesIdPollsNameResultsKeyResultKeyProvider,0,3,0,0,2,0,0,0,0,1,1,0,18,0,0,0,0,0,0,0,0,0,1,0,0,0,0.0,0.0,0,0
EA_Model.Model.Class Model.com.boardgamegeek.provider.GamesIdPollsNameResultsKeyResultProvider,0,6,0,0,3,0,0,0,0,1,1,0,18,0,0,0,0,0,0,0,0,0,2,0,0,0,0.0,0.0,0,0
EA_Model.Model.Class Model.com.boardgamegeek.provider.GamesIdPollsNameResultsProvider,1,6,0,0,3,0,0,0,0,1,1,0,18,0,0,0,0,0,0,0,0,0,2,0,0,0,0.0,0.0,0,0
EA_Model.Model.Class Model.com.boardgamegeek.provider.GamesIdPollsNameResultsResultProvider,0,3,0,0,2,0,0,0,0,1,1,0,18,0,0,0,0,0,0,0,0,0,1,0,0,0,0.0,0.0,0,0
EA_Model.Model.Class Model.com.boardgamegeek.provider.GamesIdPollsProvider,1,5,0,0,3,0,0,0,0,1,1,0,18,0,0,0,0,0,0,0,0,0,1,0,0,0,0.0,0.0,0,0
EA_Model.Model.Class Model.com.boardgamegeek.provider.GamesIdProvider,2,4,0,0,2,0,0,0,0,1,1,0,18,0,0,0,1,1,0,0,1,0,2,0,0,0,0.0,0.0,0,0
EA_Model.Model.Class Model.com.boardgamegeek.provider.GamesIdPublishersIdProvider,1,3,0,0,2,0,0,0,0,1,1,0,18,0,0,0,1,1,0,0,1,0,1,0,0,0,0.0,0.0,0,0
EA_Model.Model.Class Model.com.boardgamegeek.provider.GamesIdPublishersProvider,1,6,0,0,3,0,0,0,0,1,1,0,18,0,0,0,1,1,0,1,0,0,2,0,0,0,0.0,0.0,0,0
EA_Model.Model.Class Model.com.boardgamegeek.provider.GamesIdRankIdProvider,1,3,0,0,2,0,0,0,0,1,1,0,18,0,0,0,1,1,0,0,1,0,1,0,0,0,0.0,0.0,0,0
EA_Model.Model.Class Model.com.boardgamegeek.provider.GamesIdRankProvider,1,5,0,0,3,0,0,0,0,1,1,0,18,0,0,0,1,1,0,1,0,0,1,0,0,0,0.0,0.0,0,0
EA_Model.Model.Class Model.com.boardgamegeek.provider.GamesIdThumbnailProvider,0,4,0,0,4,0,0,0,0,3,3,0,27,0,0,0,0,0,0,0,0,0,0,0,0,0,0.0,0.0,0,0
EA_Model.Model.Class Model.com.boardgamegeek.provider.GamesMechanicsIdProvider,0,3,0,0,2,0,0,0,0,1,1,0,18,0,0,0,0,0,0,0,0,0,1,0,0,0,0.0,0.0,0,0
EA_Model.Model.Class Model.com.boardgamegeek.provider.GamesProvider,0,6,0,0,5,0,0,0,0,2,2,0,23,1,0,0,1,1,0,1,0,0,1,0,0,0,0.0,0.0,0,0
EA_Model.Model.Class Model.com.boardgamegeek.provider.GamesPublishersIdProvider,0,3,0,0,2,0,0,0,0,1,1,0,18,0,0,0,0,0,0,0,0,0,1,0,0,0,0.0,0.0,0,0
EA_Model.Model.Class Model.com.boardgamegeek.provider.GamesRanksIdProvider,0,3,0,0,2,0,0,0,0,1,1,0,18,0,0,0,0,0,0,0,0,0,1,0,0,0,0.0,0.0,0,0
EA_Model.Model.Class Model.com.boardgamegeek.provider.GamesRanksProvider,0,4,0,0,3,0,0,0,0,1,1,0,18,0,0,0,0,0,0,0,0,0,1,0,0,0,0.0,0.0,0,0
EA_Model.Model.Class Model.com.boardgamegeek.provider.IndirectFileProvider,0,3,0,0,2,0,0,3,3,2,2,1,24,0,0,0,0,0,0,0,0,0,0,0,0,0,0.0,0.0,0,0
EA_Model.Model.Class Model.com.boardgamegeek.provider.MechanicsIdProvider,0,3,0,0,2,0,0,0,0,1,1,0,18,0,0,0,0,0,0,0,0,0,1,0,0,0,0.0,0.0,0,0
EA_Model.Model.Class Model.com.boardgamegeek.provider.MechanicsProvider,0,5,1,0,5,0,0,0,0,2,2,0,23,1,0,0,0,0,0,0,0,0,0,0,0,0,0.0,0.0,0,0
EA_Model.Model.Class Model.com.boardgamegeek.provider.PlaysIdItemsIdProvider,0,3,0,0,2,0,0,0,0,1,1,0,18,0,0,0,0,0,0,0,0,0,1,0,0,0,0.0,0.0,0,0
EA_Model.Model.Class Model.com.boardgamegeek.provider.PlaysIdItemsProvider,0,5,0,0,3,0,0,0,0,1,1,0,18,0,0,0,0,0,0,0,0,0,1,0,0,0,0.0,0.0,0,0
EA_Model.Model.Class Model.com.boardgamegeek.provider.PlaysIdPlayersIdProvider,0,3,0,0,2,0,0,0,0,1,1,0,18,0,0,0,0,0,0,0,0,0,1,0,0,0,0.0,0.0,0,0
EA_Model.Model.Class Model.com.boardgamegeek.provider.PlaysIdPlayersProvider,0,5,0,0,3,0,0,0,0,1,1,0,18,0,0,0,0,0,0,0,0,0,1,0,0,0,0.0,0.0,0,0
EA_Model.Model.Class Model.com.boardgamegeek.provider.PlaysIdProvider,0,4,0,0,2,0,0,0,0,1,1,0,18,0,0,0,0,0,0,0,0,0,2,0,0,0,0.0,0.0,0,0
EA_Model.Model.Class Model.com.boardgamegeek.provider.PlaysLocationsProvider,0,3,0,0,2,0,0,0,0,1,1,0,18,0,0,0,0,0,0,0,0,0,1,0,0,0,0.0,0.0,0,0
EA_Model.Model.Class Model.com.boardgamegeek.provider.PlaysPlayersProvider,0,4,0,0,2,0,0,0,0,1,1,0,18,0,0,0,0,0,0,0,0,0,2,0,0,0,0.0,0.0,0,0
EA_Model.Model.Class Model.com.boardgamegeek.provider.PlaysProvider,0,6,0,0,5,0,0,0,0,2,2,0,23,1,0,0,0,0,0,0,0,0,1,0,0,0,0.0,0.0,0,0
EA_Model.Model.Class Model.com.boardgamegeek.provider.PublishersIdProvider,0,3,0,0,2,0,0,0,0,1,1,0,18,0,0,0,0,0,0,0,0,0,1,0,0,0,0.0,0.0,0,0
EA_Model.Model.Class Model.com.boardgamegeek.provider.PublishersProvider,0,5,0,0,5,0,0,0,0,2,2,0,23,1,0,0,0,0,0,0,0,0,0,0,0,0,0.0,0.0,0,0
EA_Model.Model.Class Model.com.boardgamegeek.provider.SearchRefreshProvider,0,3,0,0,2,0,0,0,0,1,1,0,18,0,0,0,0,0,0,0,0,0,0,0,0,0,0.0,0.0,0,0
EA_Model.Model.Class Model.com.boardgamegeek.provider.SearchSuggestProvider,1,5,0,0,3,0,0,1,1,1,1,1,18,0,0,0,0,0,0,0,0,0,0,0,0,0,0.0,0.0,0,0
EA_Model.Model.Class Model.com.boardgamegeek.provider.SearchSuggestTextProvider,0,1,0,0,1,0,0,0,0,2,2,0,23,1,0,0,0,0,0,0,0,0,0,0,0,0,0.0,0.0,0,0
EA_Model.Model.Class Model.com.boardgamegeek.provider.ThumbnailsIdProvider,0,3,0,0,2,0,0,0,0,2,2,0,24,0,0,0,0,0,0,0,0,0,0,0,0,0,0.0,0.0,0,0
EA_Model.Model.Class Model.com.boardgamegeek.provider.ThumbnailsProvider,1,2,0,0,1,0,0,0,0,1,1,0,18,0,0,0,0,0,0,0,0,0,0,0,0,0,0.0,0.0,0,0
EA_Model.Model.Class Model.com.boardgamegeek.service.CancelReceiver,0,2,1,0,0,0,0,0,0,0,0,0,0,0,0,0,0,0,0,0,0,0,0,0,0,0,0.0,0.0,0,0
EA_Model.Model.Class Model.com.boardgamegeek.service.ServiceTask,4,3,2,0,2,0,0,2,21,0,0,2,0,0,0,0,0,0,0,0,0,0,2,0,0,0,0.0,0.0,0,0
EA_Model.Model.Class Model.com.boardgamegeek.service.SyncAdapter,5,9,3,0,0,0,0,0,0,0,0,0,0,0,0,0,2,2,0,1,1,0,0,0,0,0,0.0,0.0,0,0
EA_Model.Model.Class Model.com.boardgamegeek.service.SyncArtist,2,4,3,0,1,0,0,0,0,2,2,0,5,4,0,0,0,0,0,0,0,0,1,0,0,0,0.0,0.0,0,0
EA_Model.Model.Class Model.com.boardgamegeek.service.SyncBuddiesDetailOldest,2,3,3,0,1,0,0,0,0,2,2,0,7,6,0,0,0,0,0,0,0,0,1,0,0,0,0.0,0.0,0,0
EA_Model.Model.Class Model.com.boardgamegeek.service.SyncBuddiesDetailUnupdated,1,3,3,0,1,0,0,0,0,2,2,0,7,6,0,0,0,0,0,0,0,0,1,0,0,0,0.0,0.0,0,0
EA_Model.Model.Class Model.com.boardgamegeek.service.SyncBuddiesList,1,3,3,0,1,0,0,0,0,2,2,0,7,6,0,0,0,0,0,0,0,0,1,0,0,0,0.0,0.0,0,0
EA_Model.Model.Class Model.com.boardgamegeek.service.SyncBuddy,2,3,3,0,1,0,0,0,0,2,2,0,5,4,0,0,0,0,0,0,0,0,0,0,0,0,0.0,0.0,0,0
EA_Model.Model.Class Model.com.boardgamegeek.service.SyncCollectionDetailMissing,2,3,3,0,1,0,0,0,0,2,2,0,7,6,0,0,0,0,0,0,0,0,1,0,0,0,0.0,0.0,0,0
EA_Model.Model.Class Model.com.boardgamegeek.service.SyncCollectionDetailOldest,2,3,3,0,1,0,0,0,0,2,2,0,7,6,0,0,0,0,0,0,0,0,1,0,0,0,0.0,0.0,0,0
EA_Model.Model.Class Model.com.boardgamegeek.service.SyncCollectionDetailUnupdated,2,3,3,0,1,0,0,0,0,2,2,0,7,6,0,0,0,0,0,0,0,0,1,0,0,0,0.0,0.0,0,0
EA_Model.Model.Class Model.com.boardgamegeek.service.SyncCollectionListComplete,2,4,3,0,1,0,0,0,0,2,2,0,7,6,0,0,0,0,0,0,0,0,2,0,0,0,0.0,0.0,0,0
EA_Model.Model.Class Model.com.boardgamegeek.service.SyncCollectionListModifiedSince,1,5,3,0,2,0,0,0,0,2,2,0,7,6,0,0,0,0,0,0,0,0,2,0,0,0,0.0,0.0,0,0
EA_Model.Model.Class Model.com.boardgamegeek.service.SyncCollectionListUnupdated,2,4,3,0,1,0,0,0,0,2,2,0,7,6,0,0,0,0,0,0,0,0,2,0,0,0,0.0,0.0,0,0
EA_Model.Model.Class Model.com.boardgamegeek.service.SyncDesigner,2,4,3,0,1,0,0,0,0,2,2,0,5,4,0,0,0,0,0,0,0,0,1,0,0,0,0.0,0.0,0,0
EA_Model.Model.Class Model.com.boardgamegeek.service.SyncGame,2,3,3,0,1,0,0,0,0,2,2,0,5,4,0,0,0,0,0,0,0,0,0,0,0,0,0.0,0.0,0,0
EA_Model.Model.Class Model.com.boardgamegeek.service.SyncGameCollection,3,4,3,0,1,0,0,0,0,2,2,0,5,4,0,0,0,0,0,0,0,0,2,0,0,0,0.0,0.0,0,0
EA_Model.Model.Class Model.com.boardgamegeek.service.SyncGamePlays,2,4,3,0,1,0,0,0,0,2,2,0,5,4,0,0,0,0,0,0,0,0,0,0,0,0,0.0,0.0,0,0
EA_Model.Model.Class Model.com.boardgamegeek.service.SyncPlays,3,8,3,0,1,0,0,0,0,2,2,0,7,6,0,0,0,0,0,0,0,0,3,0,0,0,0.0,0.0,0,0
EA_Model.Model.Class Model.com.boardgamegeek.service.SyncPlaysByDate,2,3,3,0,1,0,0,0,0,2,2,0,5,4,0,0,0,0,0,0,0,0,0,0,0,0,0.0,0.0,0,0
EA_Model.Model.Class Model.com.boardgamegeek.service.SyncPlaysUpload,5,19,3,1,4,0,0,0,0,2,2,0,7,6,0,0,0,0,1,0,1,0,11,0,0,0,0.0,0.0,0,0
EA_Model.Model.Class Model.com.boardgamegeek.service.SyncPublisher,2,4,3,0,1,0,0,0,0,2,2,0,5,4,0,0,0,0,0,0,0,0,1,0,0,0,0.0,0.0,0,0
EA_Model.Model.Class Model.com.boardgamegeek.service.SyncService,17,11,9,0,1,0,0,0,0,0,0,0,0,0,0,0,1,1,0,0,1,0,0,0,0,0,0.0,0.0,0,0
EA_Model.Model.Class Model.com.boardgamegeek.service.SyncTask,2,4,4,0,1,0,0,11,11,1,1,1,3,4,0,0,1,1,1,1,1,0,1,0,0,0,0.0,0.0,0,0
EA_Model.Model.Class Model.com.boardgamegeek.service.UpdateService,20,7,3,0,0,0,0,0,0,0,0,0,0,0,0,0,0,0,0,0,0,0,2,0,0,0,0.0,0.0,0,0
EA_Model.Model.Class Model.com.boardgamegeek.service.UpdateTask,0,2,2,0,1,0,0,8,8,1,1,1,3,4,0,0,0,0,0,0,0,0,0,0,0,0,0.0,0.0,0,0
EA_Model.Model.Class Model.com.boardgamegeek.ui.ArticleActivity,7,4,1,0,1,0,0,0,0,5,5,0,70,13,0,0,0,0,0,0,0,0,1,0,0,0,0.0,0.0,0,0
EA_Model.Model.Class Model.com.boardgamegeek.ui.ArticleFragment,6,2,2,0,0,0,0,0,0,1,1,0,9,1,0,0,0,0,0,0,0,0,0,0,0,0,0.0,0.0,0,0
EA_Model.Model.Class Model.com.boardgamegeek.ui.BaseActivity,0,6,3,1,1,0,0,1,21,2,2,4,49,7,0,0,0,0,0,0,0,0,4,0,0,0,0.0,0.0,0,0
EA_Model.Model.Class Model.com.boardgamegeek.ui.BggListFragment,6,9,4,0,0,0,0,8,8,1,1,1,9,1,0,0,0,0,0,0,0,0,0,0,0,0,0.0,0.0,0,0
EA_Model.Model.Class Model.com.boardgamegeek.ui.BuddiesActivity.BuddiesPagerAdapter,0,3,3,0,2,1,0,0,0,0,0,0,0,0,0,0,0,0,0,0,0,0,0,0,0,0,0.0,0.0,0,0
EA_Model.Model.Class Model.com.boardgamegeek.ui.BuddiesActivity,6,22,12,2,3,0,0,0,0,5,5,0,72,14,0,0,0,0,1,0,1,0,8,0,0,0,0.0,0.0,0,0
EA_Model.Model.Class Model.com.boardgamegeek.ui.BuddiesFragment.BuddiesAdapter.HeaderViewHolder,1,0,0,0,0,2,0,0,0,0,0,0,0,0,0,0,0,0,0,0,0,0,0,0,0,0,0.0,0.0,0,0
EA_Model.Model.Class Model.com.boardgamegeek.ui.BuddiesFragment.BuddiesAdapter.ViewHolder,4,1,1,0,0,2,0,0,0,0,0,0,0,0,0,0,0,0,0,0,0,0,0,0,0,0,0.0,0.0,0,0
EA_Model.Model.Class Model.com.boardgamegeek.ui.BuddiesFragment.BuddiesAdapter,1,8,5,0,3,1,0,0,0,0,0,0,0,0,0,0,0,1,0,1,0,0,0,0,0,0,0.0,0.0,0,0
EA_Model.Model.Class Model.com.boardgamegeek.ui.BuddiesFragment,6,10,10,1,0,0,0,0,0,2,2,0,30,17,0,0,0,2,0,0,2,0,0,0,0,0,0.0,0.0,0,0
EA_Model.Model.Class Model.com.boardgamegeek.ui.BuddyActivity.BuddyPagerAdapter,0,3,3,0,2,1,0,0,0,0,0,0,0,0,0,0,0,0,0,0,0,0,0,0,0,0,0.0,0.0,0,0
EA_Model.Model.Class Model.com.boardgamegeek.ui.BuddyActivity.SyncStatusUpdaterFragment,3,2,2,0,0,1,0,0,0,0,0,0,0,0,0,0,0,1,1,1,1,0,0,0,0,0,0.0,0.0,0,0
EA_Model.Model.Class Model.com.boardgamegeek.ui.BuddyActivity,5,17,13,0,3,0,0,0,0,4,4,0,65,11,0,0,1,2,1,0,3,0,6,0,0,0,0.0,0.0,0,0
EA_Model.Model.Class Model.com.boardgamegeek.ui.BuddyCollectionFragment.BuddyCollectionAdapter.BuddyGameViewHolder,3,1,1,0,0,2,0,0,0,0,0,0,0,0,0,0,0,0,0,0,0,0,0,0,0,0,0.0,0.0,0,0
EA_Model.Model.Class Model.com.boardgamegeek.ui.BuddyCollectionFragment.BuddyCollectionAdapter.HeaderViewHolder,1,0,0,0,0,2,0,0,0,0,0,0,0,0,0,0,0,0,0,0,0,0,0,0,0,0,0.0,0.0,0,0
EA_Model.Model.Class Model.com.boardgamegeek.ui.BuddyCollectionFragment.BuddyCollectionAdapter,2,7,6,1,5,1,0,0,0,0,0,0,0,0,0,0,0,1,1,1,0,0,0,0,0,0,0.0,0.0,0,0
EA_Model.Model.Class Model.com.boardgamegeek.ui.BuddyCollectionFragment.BuddyCollectionData,1,3,3,0,0,1,0,0,0,1,1,0,5,1,0,0,0,0,1,0,1,2,1,0,0,0,0.0,0.0,0,0
EA_Model.Model.Class Model.com.boardgamegeek.ui.BuddyCollectionFragment.BuddyGamesLoader,3,2,2,0,0,1,0,0,0,1,1,0,5,1,0,0,0,0,1,0,1,0,1,0,0,0,0.0,0.0,0,0
EA_Model.Model.Class Model.com.boardgamegeek.ui.BuddyCollectionFragment,15,13,12,0,0,0,0,0,0,2,2,0,30,17,0,0,0,2,1,0,3,0,5,0,0,0,0.0,0.0,0,0
EA_Model.Model.Class Model.com.boardgamegeek.ui.BuddyFragment.Task,5,6,1,0,0,1,0,0,0,0,0,0,0,0,0,0,0,0,0,0,0,0,0,0,0,0,0.0,0.0,0,0
EA_Model.Model.Class Model.com.boardgamegeek.ui.BuddyFragment,14,12,11,0,0,0,0,0,0,1,1,0,9,1,0,0,1,2,0,1,1,0,0,0,0,0,0.0,0.0,0,0
EA_Model.Model.Class Model.com.boardgamegeek.ui.CollectionActivity.CollectionViewAdapter,1,7,6,0,5,1,0,0,0,0,0,0,0,0,0,0,0,1,0,1,0,0,0,0,0,0,0.0,0.0,0,0
EA_Model.Model.Class Model.com.boardgamegeek.ui.CollectionActivity,13,21,11,1,3,0,0,0,0,6,6,0,78,16,0,0,0,1,1,0,2,0,2,0,0,0,0.0,0.0,0,0
EA_Model.Model.Class Model.com.boardgamegeek.ui.CollectionFragment.CollectionAdapter.HeaderViewHolder,1,0,0,0,0,2,0,0,0,0,0,0,0,0,0,0,0,0,0,0,0,0,0,0,0,0,0.0,0.0,0,0
EA_Model.Model.Class Model.com.boardgamegeek.ui.CollectionFragment.CollectionAdapter.ViewHolder,4,1,1,0,0,2,0,0,0,0,0,0,0,0,0,0,0,0,0,0,0,0,0,0,0,0,0.0,0.0,0,0
EA_Model.Model.Class Model.com.boardgamegeek.ui.CollectionFragment.CollectionAdapter,2,5,5,0,2,1,0,0,0,0,0,0,0,0,0,0,0,1,0,1,0,0,0,0,0,0,0.0,0.0,0,0
EA_Model.Model.Class Model.com.boardgamegeek.ui.CollectionFragment,20,35,27,5,1,0,0,0,0,2,2,0,30,17,0,0,0,2,2,0,3,0,12,0,0,0,0.0,0.0,0,0
EA_Model.Model.Class Model.com.boardgamegeek.ui.ColorsFragment.Task,0,2,0,0,0,1,0,0,0,0,0,0,0,0,0,0,0,0,0,0,0,0,0,0,0,0,0.0,0.0,0,0
EA_Model.Model.Class Model.com.boardgamegeek.ui.ColorsFragment,5,13,13,0,0,0,0,0,0,2,2,0,18,7,0,0,0,1,0,0,1,0,8,0,0,0,0.0,0.0,0,0
EA_Model.Model.Class Model.com.boardgamegeek.ui.CommentsFragment.CommentData,0,2,2,0,0,1,0,0,0,1,1,0,14,5,0,0,0,0,0,0,0,0,1,0,0,0,0.0,0.0,0,0
EA_Model.Model.Class Model.com.boardgamegeek.ui.CommentsFragment.CommentRowViewBinder.ViewHolder,3,1,1,0,0,2,0,0,0,0,0,0,0,0,0,0,0,0,0,0,0,0,0,0,0,0,0.0,0.0,0,0
EA_Model.Model.Class Model.com.boardgamegeek.ui.CommentsFragment.CommentRowViewBinder,0,1,0,0,0,1,0,0,0,0,0,0,0,0,0,0,0,0,0,0,0,0,1,0,0,0,0.0,0.0,0,0
EA_Model.Model.Class Model.com.boardgamegeek.ui.CommentsFragment.CommentsAdapter,0,3,1,0,1,1,0,0,0,1,1,0,16,7,0,0,0,1,0,1,0,0,1,0,0,0,0.0,0.0,0,0
EA_Model.Model.Class Model.com.boardgamegeek.ui.CommentsFragment.CommentsLoader,3,2,2,0,0,1,0,0,0,1,1,0,9,2,0,0,0,0,1,0,1,1,0,0,0,0,0.0,0.0,0,0
EA_Model.Model.Class Model.com.boardgamegeek.ui.CommentsFragment,5,16,13,0,2,0,0,0,0,2,2,0,18,7,0,0,0,1,0,0,1,0,4,0,0,0,0.0,0.0,0,0
EA_Model.Model.Class Model.com.boardgamegeek.ui.DrawerActivity.DrawerItemClickListener,0,1,1,0,0,1,0,0,0,0,0,0,0,0,0,0,0,0,0,0,0,0,0,0,0,0,0.0,0.0,0,0
EA_Model.Model.Class Model.com.boardgamegeek.ui.DrawerActivity.NavigationAdapter,2,7,7,0,4,1,0,0,0,0,0,0,0,0,0,0,0,1,0,1,0,0,0,0,0,0,0.0,0.0,0,0
EA_Model.Model.Class Model.com.boardgamegeek.ui.DrawerActivity,4,10,2,0,4,0,0,4,20,3,3,3,55,7,0,0,0,1,0,0,1,0,0,0,0,0,0.0,0.0,0,0
EA_Model.Model.Class Model.com.boardgamegeek.ui.ForumActivity,3,4,1,0,1,0,0,0,0,5,5,0,70,13,0,0,0,0,0,0,0,0,1,0,0,0,0.0,0.0,0,0
EA_Model.Model.Class Model.com.boardgamegeek.ui.ForumFragment.ForumAdapter,0,3,1,0,1,1,0,0,0,1,1,0,16,7,0,0,0,1,0,1,0,0,1,0,0,0,0.0,0.0,0,0
EA_Model.Model.Class Model.com.boardgamegeek.ui.ForumFragment.ForumData,0,2,2,0,0,1,0,0,0,1,1,0,14,5,0,0,0,0,0,0,0,0,1,0,0,0,0.0,0.0,0,0
EA_Model.Model.Class Model.com.boardgamegeek.ui.ForumFragment.ForumLoader,2,2,2,0,0,1,0,0,0,1,1,0,9,2,0,0,0,0,1,0,1,1,0,0,0,0,0.0,0.0,0,0
EA_Model.Model.Class Model.com.boardgamegeek.ui.ForumFragment.ThreadRowViewBinder.ViewHolder,6,1,1,0,0,2,0,0,0,0,0,0,0,0,0,0,0,0,0,0,0,0,0,0,0,0,0.0,0.0,0,0
EA_Model.Model.Class Model.com.boardgamegeek.ui.ForumFragment.ThreadRowViewBinder,4,1,1,0,0,1,0,0,0,0,0,0,0,0,0,0,0,0,0,0,0,0,1,0,0,0,0.0,0.0,0,0
EA_Model.Model.Class Model.com.boardgamegeek.ui.ForumFragment,6,14,11,0,2,0,0,0,0,2,2,0,18,7,0,0,0,1,0,0,1,0,1,0,0,0,0.0,0.0,0,0
EA_Model.Model.Class Model.com.boardgamegeek.ui.ForumsActivity,0,3,0,0,2,0,0,0,0,6,6,0,78,16,0,0,0,0,0,0,0,0,0,0,0,0,0.0,0.0,0,0
EA_Model.Model.Class Model.com.boardgamegeek.ui.ForumsFragment.ForumViewHolder,4,1,1,0,0,1,0,0,0,0,0,0,0,0,0,0,0,0,0,0,0,0,0,0,0,0,0.0,0.0,0,0
EA_Model.Model.Class Model.com.boardgamegeek.ui.ForumsFragment.ForumsAdapter,5,4,4,0,3,1,0,0,0,0,0,0,0,0,0,0,0,1,0,1,0,0,0,0,0,0,0.0,0.0,0,0
EA_Model.Model.Class Model.com.boardgamegeek.ui.ForumsFragment.ForumsData,1,3,3,0,0,1,0,0,0,1,1,0,5,1,0,0,0,0,1,0,1,2,1,0,0,0,0.0,0.0,0,0
EA_Model.Model.Class Model.com.boardgamegeek.ui.ForumsFragment.ForumsLoader,2,2,2,0,0,1,0,0,0,1,1,0,5,1,0,0,0,0,1,0,1,0,1,0,0,0,0.0,0.0,0,0
EA_Model.Model.Class Model.com.boardgamegeek.ui.ForumsFragment.HeaderViewHolder,1,1,1,0,0,1,0,0,0,0,0,0,0,0,0,0,0,0,0,0,0,0,0,0,0,0,0.0,0.0,0,0
EA_Model.Model.Class Model.com.boardgamegeek.ui.ForumsFragment,4,7,7,0,0,0,0,0,0,2,2,0,18,7,0,0,0,1,0,0,1,0,1,0,0,0,0.0,0.0,0,0
EA_Model.Model.Class Model.com.boardgamegeek.ui.GameActivity.GamePagerAdapter,0,3,3,0,2,1,0,0,0,0,0,0,0,0,0,0,0,0,0,0,0,0,0,0,0,0,0.0,0.0,0,0
EA_Model.Model.Class Model.com.boardgamegeek.ui.GameActivity.SyncStatusUpdaterFragment,3,2,2,0,0,1,0,0,0,0,0,0,0,0,0,0,0,1,1,1,1,0,0,0,0,0,0.0,0.0,0,0
EA_Model.Model.Class Model.com.boardgamegeek.ui.GameActivity,11,28,16,1,3,0,0,0,0,4,4,0,65,11,0,0,0,1,1,0,2,0,8,0,0,0,0.0,0.0,0,0
EA_Model.Model.Class Model.com.boardgamegeek.ui.GameCollectionFragment.CollectionAdapter,1,3,3,0,0,1,0,0,0,0,0,0,0,0,0,0,0,0,0,0,0,0,0,0,0,0,0.0,0.0,0,0
EA_Model.Model.Class Model.com.boardgamegeek.ui.GameCollectionFragment.CollectionItem,55,20,2,0,17,1,0,0,0,0,0,0,0,0,0,0,0,0,0,0,0,0,0,0,0,0,0.0,0.0,0,0
EA_Model.Model.Class Model.com.boardgamegeek.ui.GameCollectionFragment.ViewHolder,23,1,1,0,0,1,0,0,0,0,0,0,0,0,0,0,0,0,0,0,0,0,0,0,0,0,0.0,0.0,0,0
EA_Model.Model.Class Model.com.boardgamegeek.ui.GameCollectionFragment,5,8,7,0,0,0,0,0,0,1,1,0,9,1,0,0,0,0,0,0,0,0,1,0,0,0,0.0,0.0,0,0
EA_Model.Model.Class Model.com.boardgamegeek.ui.GameDetailActivity,2,4,1,0,1,0,0,0,0,5,5,0,70,13,0,0,0,0,0,0,0,0,1,0,0,0,0.0,0.0,0,0
EA_Model.Model.Class Model.com.boardgamegeek.ui.GameDetailFragment.ArtistQuery,1,4,4,0,4,1,0,0,0,1,1,0,3,0,0,0,0,0,0,0,0,0,0,0,0,0,0.0,0.0,0,0
EA_Model.Model.Class Model.com.boardgamegeek.ui.GameDetailFragment.BaseGameQuery,1,1,1,0,1,1,0,0,0,2,2,0,8,0,0,0,0,0,0,0,0,0,0,0,0,0,0.0,0.0,0,0
EA_Model.Model.Class Model.com.boardgamegeek.ui.GameDetailFragment.BaseQuery,0,3,3,0,3,1,0,6,8,0,0,2,0,0,0,0,0,0,0,0,0,0,0,0,0,0,0.0,0.0,0,0
EA_Model.Model.Class Model.com.boardgamegeek.ui.GameDetailFragment.CategoryQuery,1,3,3,0,3,1,0,0,0,1,1,0,3,0,0,0,0,0,0,0,0,0,0,0,0,0,0.0,0.0,0,0
EA_Model.Model.Class Model.com.boardgamegeek.ui.GameDetailFragment.DesignerQuery,1,4,4,0,4,1,0,0,0,1,1,0,3,0,0,0,0,0,0,0,0,0,0,0,0,0,0.0,0.0,0,0
EA_Model.Model.Class Model.com.boardgamegeek.ui.GameDetailFragment.ExpansionBaseQuery,0,5,5,0,5,1,0,2,2,1,1,1,3,0,0,0,0,0,0,0,0,0,0,0,0,0,0.0,0.0,0,0
EA_Model.Model.Class Model.com.boardgamegeek.ui.GameDetailFragment.ExpansionQuery,1,1,1,0,1,1,0,0,0,2,2,0,8,0,0,0,0,0,0,0,0,0,0,0,0,0,0.0,0.0,0,0
EA_Model.Model.Class Model.com.boardgamegeek.ui.GameDetailFragment.MechanicQuery,1,3,3,0,3,1,0,0,0,1,1,0,3,0,0,0,0,0,0,0,0,0,0,0,0,0,0.0,0.0,0,0
EA_Model.Model.Class Model.com.boardgamegeek.ui.GameDetailFragment.PublisherQuery,1,4,4,0,4,1,0,0,0,1,1,0,3,0,0,0,0,0,0,0,0,0,0,0,0,0,0.0,0.0,0,0
EA_Model.Model.Class Model.com.boardgamegeek.ui.GameDetailFragment,5,7,6,0,0,0,0,0,0,2,2,0,18,7,0,0,0,1,0,0,1,0,0,0,0,0,0.0,0.0,0,0
EA_Model.Model.Class Model.com.boardgamegeek.ui.GameInfoFragment.Game,26,10,7,0,9,1,0,0,0,0,0,0,0,0,0,0,0,0,0,0,0,1,0,0,0,0,0.0,0.0,0,0
EA_Model.Model.Class Model.com.boardgamegeek.ui.GameInfoFragment.Rank,4,1,0,0,0,1,0,0,0,0,0,0,0,0,0,0,0,0,0,0,0,0,0,0,0,0,0.0,0.0,0,0
EA_Model.Model.Class Model.com.boardgamegeek.ui.GameInfoFragment,56,19,9,1,0,0,0,0,0,1,1,0,9,1,0,0,0,3,0,0,3,0,3,0,0,0,0.0,0.0,0,0
EA_Model.Model.Class Model.com.boardgamegeek.ui.HomeActivity,1,5,1,0,2,0,0,0,0,5,5,0,72,14,0,0,0,0,0,0,0,0,0,0,0,0,0.0,0.0,0,0
EA_Model.Model.Class Model.com.boardgamegeek.ui.HotnessActivity,0,3,0,0,2,0,0,0,0,6,6,0,78,16,0,0,0,0,0,0,0,0,0,0,0,0,0.0,0.0,0,0
EA_Model.Model.Class Model.com.boardgamegeek.ui.HotnessFragment.BoardGameAdapter,1,2,2,0,1,1,0,0,0,0,0,0,0,0,0,0,0,1,0,1,0,0,0,0,0,0,0.0,0.0,0,0
EA_Model.Model.Class Model.com.boardgamegeek.ui.HotnessFragment.HotnessData,1,3,3,0,0,1,0,0,0,1,1,0,5,1,0,0,0,0,1,0,1,2,1,0,0,0,0.0,0.0,0,0
EA_Model.Model.Class Model.com.boardgamegeek.ui.HotnessFragment.HotnessLoader,1,2,2,0,0,1,0,0,0,1,1,0,5,1,0,0,0,0,1,0,1,0,1,0,0,0,0.0,0.0,0,0
EA_Model.Model.Class Model.com.boardgamegeek.ui.HotnessFragment.ViewHolder,4,1,1,0,0,1,0,0,0,0,0,0,0,0,0,0,0,0,0,0,0,0,0,0,0,0,0.0,0.0,0,0
EA_Model.Model.Class Model.com.boardgamegeek.ui.HotnessFragment,6,11,11,0,0,0,0,0,0,2,2,0,18,7,0,0,0,1,1,0,2,0,9,0,0,0,0.0,0.0,0,0
EA_Model.Model.Class Model.com.boardgamegeek.ui.ImageActivity,6,4,1,0,1,0,0,0,0,5,5,0,70,13,0,0,0,0,0,0,0,0,1,0,0,0,0.0,0.0,0,0
EA_Model.Model.Class Model.com.boardgamegeek.ui.ImageFragment,2,2,2,0,0,0,0,0,0,1,1,0,9,1,0,0,0,0,0,0,0,0,0,0,0,0,0.0,0.0,0,0
EA_Model.Model.Class Model.com.boardgamegeek.ui.LogPlayActivity.PlayAdapter,0,5,5,0,4,1,0,0,0,0,0,0,0,0,0,0,0,1,0,1,0,0,0,0,0,0,0.0,0.0,0,0
EA_Model.Model.Class Model.com.boardgamegeek.ui.LogPlayActivity.PlayerDeleteClickListener,1,2,2,0,0,1,0,0,0,0,0,0,0,0,0,0,0,0,0,0,0,0,0,0,0,0,0.0,0.0,0,0
EA_Model.Model.Class Model.com.boardgamegeek.ui.LogPlayActivity.QueryHandler,0,2,1,0,0,1,0,0,0,0,0,0,0,0,0,0,0,1,0,1,0,0,0,0,0,0,0.0,0.0,0,0
EA_Model.Model.Class Model.com.boardgamegeek.ui.LogPlayActivity,80,46,9,4,0,0,0,0,0,2,2,0,49,7,0,0,0,3,5,0,7,0,1,0,0,0,0.0,0.0,0,0
EA_Model.Model.Class Model.com.boardgamegeek.ui.LogPlayerActivity,44,24,2,2,1,0,0,0,0,2,2,0,49,7,0,0,0,0,1,0,1,0,0,0,0,0,0.0,0.0,0,0
EA_Model.Model.Class Model.com.boardgamegeek.ui.LoginActivity.UserLoginTask,0,3,0,0,0,1,0,0,0,0,0,0,0,0,0,0,0,1,0,1,0,0,0,0,0,0,0.0,0.0,0,0
EA_Model.Model.Class Model.com.boardgamegeek.ui.LoginActivity,12,5,2,0,0,0,0,0,0,0,0,0,0,0,0,0,0,1,0,0,1,0,0,0,0,0,0.0,0.0,0,0
EA_Model.Model.Class Model.com.boardgamegeek.ui.PlayActivity,7,12,3,0,1,0,0,0,0,5,5,0,70,13,0,0,0,0,0,0,0,0,0,0,0,0,0.0,0.0,0,0
EA_Model.Model.Class Model.com.boardgamegeek.ui.PlayFragment.PlayerAdapter,0,5,5,0,5,1,0,0,0,0,0,0,0,0,0,0,0,1,0,1,0,0,0,0,0,0,0.0,0.0,0,0
EA_Model.Model.Class Model.com.boardgamegeek.ui.PlayFragment,32,17,14,1,0,0,0,0,0,1,1,0,9,1,0,0,0,2,2,0,4,0,4,0,0,0,0.0,0.0,0,0
EA_Model.Model.Class Model.com.boardgamegeek.ui.PlayerActivity,2,6,3,0,0,0,0,0,0,5,5,0,70,13,0,0,0,0,0,0,0,0,0,0,0,0,0.0,0.0,0,0
EA_Model.Model.Class Model.com.boardgamegeek.ui.PlayersFragment.PlayersAdapter.HeaderViewHolder,1,0,0,0,0,2,0,0,0,0,0,0,0,0,0,0,0,0,0,0,0,0,0,0,0,0,0.0,0.0,0,0
EA_Model.Model.Class Model.com.boardgamegeek.ui.PlayersFragment.PlayersAdapter.ViewHolder,2,1,1,0,0,2,0,0,0,0,0,0,0,0,0,0,0,0,0,0,0,0,0,0,0,0,0.0,0.0,0,0
EA_Model.Model.Class Model.com.boardgamegeek.ui.PlayersFragment.PlayersAdapter,1,6,5,0,3,1,0,0,0,0,0,0,0,0,0,0,0,1,0,1,0,0,0,0,0,0,0.0,0.0,0,0
EA_Model.Model.Class Model.com.boardgamegeek.ui.PlayersFragment,8,10,10,1,0,0,0,0,0,2,2,0,30,17,0,0,0,2,0,0,2,0,0,0,0,0,0.0,0.0,0,0
EA_Model.Model.Class Model.com.boardgamegeek.ui.PlaysActivity,7,15,6,1,3,0,0,0,0,6,6,0,78,16,0,0,0,0,1,0,1,0,2,0,0,0,0.0,0.0,0,0
EA_Model.Model.Class Model.com.boardgamegeek.ui.PlaysFragment.DatePickerFragment,1,2,2,0,0,1,0,0,0,0,0,0,0,0,0,0,0,0,0,0,0,0,0,0,0,0,0.0,0.0,0,0
EA_Model.Model.Class Model.com.boardgamegeek.ui.PlaysFragment.PlayAdapter.HeaderViewHolder,1,0,0,0,0,2,0,0,0,0,0,0,0,0,0,0,0,0,0,0,0,0,0,0,0,0,0.0,0.0,0,0
EA_Model.Model.Class Model.com.boardgamegeek.ui.PlaysFragment.PlayAdapter.ViewHolder,4,1,1,0,0,2,0,0,0,0,0,0,0,0,0,0,0,0,0,0,0,0,0,0,0,0,0.0,0.0,0,0
EA_Model.Model.Class Model.com.boardgamegeek.ui.PlaysFragment.PlayAdapter,5,6,6,1,2,1,0,0,0,0,0,0,0,0,0,0,0,1,0,1,0,0,0,0,0,0,0.0,0.0,0,0
EA_Model.Model.Class Model.com.boardgamegeek.ui.PlaysFragment,23,26,18,2,1,0,0,0,0,2,2,0,30,17,0,0,0,2,2,0,4,0,8,0,0,0,0.0,0.0,0,0
EA_Model.Model.Class Model.com.boardgamegeek.ui.PollFragment,24,11,6,0,0,0,0,0,0,1,1,0,9,1,0,0,0,1,0,0,1,0,0,0,0,0,0.0,0.0,0,0
EA_Model.Model.Class Model.com.boardgamegeek.ui.ProducerActivity,1,3,0,0,1,0,0,0,0,5,5,0,70,13,0,0,0,0,0,0,0,0,0,0,0,0,0.0,0.0,0,0
EA_Model.Model.Class Model.com.boardgamegeek.ui.ProducerFragment,6,5,5,0,0,0,0,0,0,1,1,0,9,1,0,0,0,0,0,0,0,0,0,0,0,0,0.0,0.0,0,0
EA_Model.Model.Class Model.com.boardgamegeek.ui.SearchResultsActivity,3,7,2,0,1,0,0,0,0,5,5,0,70,13,0,0,0,0,0,0,0,0,0,0,0,0,0.0,0.0,0,0
EA_Model.Model.Class Model.com.boardgamegeek.ui.SearchResultsFragment.SearchData,1,4,4,0,0,1,0,0,0,1,1,0,5,1,0,0,0,0,1,0,1,2,1,0,0,0,0.0,0.0,0,0
EA_Model.Model.Class Model.com.boardgamegeek.ui.SearchResultsFragment.SearchLoader,2,2,2,0,0,1,0,0,0,1,1,0,5,1,0,0,0,0,1,0,1,0,1,0,0,0,0.0,0.0,0,0
EA_Model.Model.Class Model.com.boardgamegeek.ui.SearchResultsFragment.SearchResultsAdapter,2,2,2,0,1,1,0,0,0,0,0,0,0,0,0,0,0,1,0,1,0,0,0,0,0,0,0.0,0.0,0,0
EA_Model.Model.Class Model.com.boardgamegeek.ui.SearchResultsFragment.ViewHolder,3,1,1,0,0,1,0,0,0,0,0,0,0,0,0,0,0,0,0,0,0,0,0,0,0,0,0.0,0.0,0,0
EA_Model.Model.Class Model.com.boardgamegeek.ui.SearchResultsFragment,9,14,14,0,0,0,0,0,0,2,2,0,18,7,0,0,0,2,1,0,3,0,9,0,0,0,0.0,0.0,0,0
EA_Model.Model.Class Model.com.boardgamegeek.ui.SimpleSinglePaneActivity,2,5,1,0,2,0,0,9,9,4,4,1,65,11,0,0,0,0,0,0,0,0,0,0,0,0,0.0,0.0,0,0
EA_Model.Model.Class Model.com.boardgamegeek.ui.StickyHeaderListFragment,16,21,14,6,2,0,0,5,5,1,1,1,9,1,0,0,0,0,2,0,2,0,3,0,0,0,0.0,0.0,0,0
EA_Model.Model.Class Model.com.boardgamegeek.ui.TextFragment,2,2,2,0,0,0,0,0,0,1,1,0,9,1,0,0,0,0,0,0,0,0,0,0,0,0,0.0,0.0,0,0
EA_Model.Model.Class Model.com.boardgamegeek.ui.ThreadActivity,7,5,2,0,1,0,0,0,0,5,5,0,70,13,0,0,0,0,0,0,0,0,1,0,0,0,0.0,0.0,0,0
EA_Model.Model.Class Model.com.boardgamegeek.ui.ThreadFragment.ThreadAdapter,1,2,2,0,1,1,0,0,0,0,0,0,0,0,0,0,0,1,0,1,0,0,0,0,0,0,0.0,0.0,0,0
EA_Model.Model.Class Model.com.boardgamegeek.ui.ThreadFragment.ThreadData,1,3,2,0,0,1,0,0,0,1,1,0,5,1,0,0,0,0,1,0,1,2,1,0,0,0,0.0,0.0,0,0
EA_Model.Model.Class Model.com.boardgamegeek.ui.ThreadFragment.ThreadLoader,2,2,2,0,0,1,0,0,0,1,1,0,5,1,0,0,0,0,1,0,1,0,1,0,0,0,0.0,0.0,0,0
EA_Model.Model.Class Model.com.boardgamegeek.ui.ThreadFragment.ViewHolder,4,1,1,0,0,1,0,0,0,0,0,0,0,0,0,0,0,0,0,0,0,0,0,0,0,0,0.0,0.0,0,0
EA_Model.Model.Class Model.com.boardgamegeek.ui.ThreadFragment,3,7,7,0,0,0,0,0,0,2,2,0,18,7,0,0,0,1,0,0,1,0,1,0,0,0,0.0,0.0,0,0
EA_Model.Model.Class Model.com.boardgamegeek.ui.TopLevelActivity,3,7,3,1,2,0,0,3,7,4,4,2,65,11,0,0,0,0,0,0,0,0,2,0,0,0,0.0,0.0,0,0
EA_Model.Model.Class Model.com.boardgamegeek.ui.TopLevelSinglePaneActivity,2,6,2,0,2,0,0,4,4,5,5,1,72,14,0,0,0,0,0,0,0,0,0,0,0,0,0.0,0.0,0,0
EA_Model.Model.Class Model.com.boardgamegeek.ui.dialog.AverageRatingFilter,3,13,0,0,9,0,0,0,0,1,1,0,19,7,0,0,0,0,0,0,0,0,3,0,0,0,0.0,0.0,0,0
EA_Model.Model.Class Model.com.boardgamegeek.ui.dialog.AverageWeightFilter,4,13,0,0,9,0,0,0,0,1,1,0,19,7,0,0,0,0,0,0,0,0,3,0,0,0,0.0,0.0,0,0
EA_Model.Model.Class Model.com.boardgamegeek.ui.dialog.CollectionStatusFilter,2,2,1,0,0,0,0,0,0,0,0,0,0,0,0,0,0,0,0,0,0,0,3,0,0,0,0.0,0.0,0,0
EA_Model.Model.Class Model.com.boardgamegeek.ui.dialog.DeleteView,0,1,1,0,0,0,0,0,0,0,0,0,0,0,0,0,0,0,0,0,0,0,1,0,0,0,0.0,0.0,0,0
EA_Model.Model.Class Model.com.boardgamegeek.ui.dialog.ExpansionStatusFilter,1,2,1,0,0,0,0,0,0,0,0,0,0,0,0,0,0,0,0,0,0,0,3,0,0,0,0.0,0.0,0,0
EA_Model.Model.Class Model.com.boardgamegeek.ui.dialog.GeekRankingFilter,3,12,0,0,8,0,0,0,0,1,1,0,19,7,0,0,0,0,0,0,0,0,3,0,0,0,0.0,0.0,0,0
EA_Model.Model.Class Model.com.boardgamegeek.ui.dialog.GeekRatingFilter,3,13,0,0,9,0,0,0,0,1,1,0,19,7,0,0,0,0,0,0,0,0,3,0,0,0,0.0,0.0,0,0
EA_Model.Model.Class Model.com.boardgamegeek.ui.dialog.PlayTimeFilter,3,13,0,0,9,0,0,0,0,1,1,0,19,7,0,0,0,0,0,0,0,0,3,0,0,0,0.0,0.0,0,0
EA_Model.Model.Class Model.com.boardgamegeek.ui.dialog.PlayerNumberFilter,3,14,0,0,10,0,0,0,0,1,1,0,19,7,0,0,0,0,0,0,0,0,3,0,0,0,0.0,0.0,0,0
EA_Model.Model.Class Model.com.boardgamegeek.ui.dialog.SaveView,0,4,1,1,0,0,0,0,0,0,0,0,0,0,0,0,0,0,0,0,0,0,3,0,0,0,0.0,0.0,0,0
EA_Model.Model.Class Model.com.boardgamegeek.ui.dialog.SliderFilter,7,19,1,0,11,0,0,8,8,0,0,1,0,0,0,0,0,0,1,0,0,0,5,0,0,0,0.0,0.0,0,0
EA_Model.Model.Class Model.com.boardgamegeek.ui.dialog.SuggestedAgeFilter,3,13,0,0,9,0,0,0,0,1,1,0,19,7,0,0,0,0,0,0,0,0,3,0,0,0,0.0,0.0,0,0
EA_Model.Model.Class Model.com.boardgamegeek.ui.dialog.YearPublishedFilter,2,13,0,0,9,0,0,0,0,1,1,0,19,7,0,0,0,0,0,0,0,0,3,0,0,0,0.0,0.0,0,0
EA_Model.Model.Class Model.com.boardgamegeek.ui.widget.BggLoader.D,0,0,0,0,0,1,0,0,0,0,0,0,0,0,0,0,0,0,0,0,0,0,0,0,0,0,0.0,0.0,0,0
EA_Model.Model.Class Model.com.boardgamegeek.ui.widget.BggLoader,1,5,2,0,0,0,0,5,5,0,0,1,0,0,0,0,0,0,0,0,0,0,0,0,0,0,0.0,0.0,0,0
EA_Model.Model.Class Model.com.boardgamegeek.ui.widget.BuddyNameAdapter.PlayerFilter,0,2,0,0,0,1,0,0,0,0,0,0,0,0,0,0,0,0,0,0,0,0,0,0,0,0,0.0,0.0,0,0
EA_Model.Model.Class Model.com.boardgamegeek.ui.widget.BuddyNameAdapter.Result,1,2,2,0,0,1,0,0,0,0,0,0,0,0,0,0,0,0,0,0,0,1,0,0,0,0,0.0,0.0,0,0
EA_Model.Model.Class Model.com.boardgamegeek.ui.widget.BuddyNameAdapter,11,7,5,0,4,0,0,0,0,0,0,0,0,0,0,0,0,0,0,0,0,0,1,0,0,0,0.0,0.0,0,0
EA_Model.Model.Class Model.com.boardgamegeek.ui.widget.CheckableFrameLayout,2,7,6,1,1,0,0,0,0,0,0,0,0,0,0,0,0,0,0,0,0,0,0,0,0,0,0.0,0.0,0,0
EA_Model.Model.Class Model.com.boardgamegeek.ui.widget.Data.T,0,0,0,0,0,1,0,0,0,0,0,0,0,0,0,0,0,0,0,0,0,0,0,0,0,0,0.0,0.0,0,0
EA_Model.Model.Class Model.com.boardgamegeek.ui.widget.Data,1,5,4,0,2,0,0,5,5,0,0,1,0,0,0,0,0,0,0,0,0,0,0,0,0,0,0.0,0.0,0,0
EA_Model.Model.Class Model.com.boardgamegeek.ui.widget.DatePickerDialogFragment,4,4,4,2,0,0,0,0,0,0,0,0,0,0,0,0,0,1,0,1,0,0,0,0,0,0,0.0,0.0,0,0
EA_Model.Model.Class Model.com.boardgamegeek.ui.widget.ExpandableListView.SavedState,4,4,2,0,0,1,0,0,0,0,0,0,0,0,0,0,0,0,0,0,0,0,0,0,0,0,0.0,0.0,0,0
EA_Model.Model.Class Model.com.boardgamegeek.ui.widget.ExpandableListView,16,15,8,2,0,0,0,0,0,0,0,0,0,0,0,0,0,1,0,7,0,1,0,0,0,0,0.0,0.0,0,0
EA_Model.Model.Class Model.com.boardgamegeek.ui.widget.GameColorAdapter.ViewHolder,2,1,1,0,0,1,0,0,0,0,0,0,0,0,0,0,0,0,0,0,0,0,0,0,0,0,0.0,0.0,0,0
EA_Model.Model.Class Model.com.boardgamegeek.ui.widget.GameColorAdapter,5,8,8,0,2,0,0,0,0,0,0,0,0,0,0,0,0,1,0,1,0,0,0,0,0,0,0.0,0.0,0,0
EA_Model.Model.Class Model.com.boardgamegeek.ui.widget.PaginatedArrayAdapter.T,0,0,0,0,0,1,0,0,0,0,0,0,0,0,0,0,0,0,0,0,0,0,0,0,0,0,0.0,0.0,0,0
EA_Model.Model.Class Model.com.boardgamegeek.ui.widget.PaginatedArrayAdapter,7,16,12,1,11,0,0,2,2,0,0,1,0,0,0,0,0,0,0,0,0,0,0,0,0,0,0.0,0.0,0,0
EA_Model.Model.Class Model.com.boardgamegeek.ui.widget.PaginatedData.T,0,0,0,0,0,1,0,0,0,0,0,0,0,0,0,0,0,0,0,0,0,0,0,0,0,0,0.0,0.0,0,0
EA_Model.Model.Class Model.com.boardgamegeek.ui.widget.PaginatedData,5,14,12,0,8,0,0,2,2,0,0,1,0,0,0,0,1,1,0,0,0,0,0,0,0,0,0.0,0.0,0,0
EA_Model.Model.Class Model.com.boardgamegeek.ui.widget.PaginatedLoader.T,0,0,0,0,0,1,0,0,0,0,0,0,0,0,0,0,0,0,0,0,0,0,0,0,0,0,0.0,0.0,0,0
EA_Model.Model.Class Model.com.boardgamegeek.ui.widget.PaginatedLoader,2,9,5,0,3,0,0,2,2,0,0,1,0,0,0,0,1,1,0,0,0,0,0,0,0,0,0.0,0.0,0,0
EA_Model.Model.Class Model.com.boardgamegeek.ui.widget.PieChartView.Slice,2,1,0,0,0,1,0,0,0,0,0,0,0,0,0,0,0,1,0,0,0,0,0,0,0,0,0.0,0.0,0,0
EA_Model.Model.Class Model.com.boardgamegeek.ui.widget.PieChartView,4,6,4,0,0,0,0,0,0,0,0,0,0,0,0,0,0,2,0,1,0,0,0,0,0,0,0.0,0.0,0,0
EA_Model.Model.Class Model.com.boardgamegeek.ui.widget.PlayerNameAdapter.PlayerFilter,0,2,0,0,0,1,0,0,0,0,0,0,0,0,0,0,0,0,0,0,0,0,0,0,0,0,0.0,0.0,0,0
EA_Model.Model.Class Model.com.boardgamegeek.ui.widget.PlayerNameAdapter.Result,4,2,2,0,0,1,0,0,0,0,0,0,0,0,0,0,0,0,0,0,0,1,0,0,0,0,0.0,0.0,0,0
EA_Model.Model.Class Model.com.boardgamegeek.ui.widget.PlayerNameAdapter,16,7,5,0,4,0,0,0,0,0,0,0,0,0,0,0,0,0,0,0,0,0,1,0,0,0,0.0,0.0,0,0
EA_Model.Model.Class Model.com.boardgamegeek.ui.widget.PlayerNumberBar.RefreshRunnable,2,3,2,1,0,1,0,0,0,0,0,0,0,0,0,0,0,1,0,1,0,0,0,0,0,0,0.0,0.0,0,0
EA_Model.Model.Class Model.com.boardgamegeek.ui.widget.PlayerNumberBar.SavedState,5,3,1,0,0,1,0,0,0,0,0,0,0,0,0,0,0,0,0,0,0,0,0,0,0,0,0.0,0.0,0,0
EA_Model.Model.Class Model.com.boardgamegeek.ui.widget.PlayerNumberBar,15,26,18,6,5,0,0,0,0,0,0,0,0,0,0,0,1,2,0,1,1,0,0,0,0,0,0.0,0.0,0,0
EA_Model.Model.Class Model.com.boardgamegeek.ui.widget.PlayerNumberRow,2,11,10,6,1,0,0,0,0,0,0,0,0,0,0,0,1,1,0,0,1,0,0,0,0,0,0.0,0.0,0,0
EA_Model.Model.Class Model.com.boardgamegeek.ui.widget.PlayerRow,14,8,5,5,0,0,0,0,0,0,0,0,0,0,0,0,0,0,0,0,0,0,1,0,0,0,0.0,0.0,0,0
EA_Model.Model.Class Model.com.boardgamegeek.ui.widget.PollKeyRow,3,6,6,3,0,0,0,0,0,0,0,0,0,0,0,0,0,0,0,0,0,0,0,0,0,0,0.0,0.0,0,0
EA_Model.Model.Class Model.com.boardgamegeek.ui.widget.RangeSeekBar.T,0,0,0,0,0,1,0,0,0,0,0,0,0,0,0,0,0,0,0,0,0,0,0,0,0,0,0.0,0.0,0,0
EA_Model.Model.Class Model.com.boardgamegeek.ui.widget.RangeSeekBar.NumberType,7,2,2,0,0,1,0,0,0,0,0,0,0,0,0,0,0,1,0,1,0,0,0,0,0,0,0.0,0.0,0,0
EA_Model.Model.Class Model.com.boardgamegeek.ui.widget.RangeSeekBar.Thumb,2,0,0,0,0,1,0,0,0,0,0,0,0,0,0,0,0,1,0,1,0,1,0,0,0,0,0.0,0.0,0,0
EA_Model.Model.Class Model.com.boardgamegeek.ui.widget.RangeSeekBar.OnRangeSeekBarChangeListener.T,0,0,0,0,0,0,0,0,0,0,0,0,0,0,0,0,0,0,0,0,0,0,0,0,0,0,0.0,0.0,0,0
EA_Model.Model.Class Model.com.boardgamegeek.ui.widget.RangeSeekBar,32,31,13,6,6,0,0,0,0,0,0,0,0,0,0,0,0,3,1,0,2,0,1,0,0,0,0.0,0.0,0,0
EA_Model.Model.Class Model.com.boardgamegeek.ui.widget.StatBar,3,7,6,3,0,0,0,0,0,0,0,0,0,0,0,0,0,1,0,11,0,0,0,0,0,0,0.0,0.0,0,0
EA_Model.Model.Class Model.com.boardgamegeek.util.ActivityUtils.shortcutTask,3,3,1,0,0,1,0,0,0,0,0,0,0,0,0,0,0,0,0,0,0,0,0,0,0,0,0.0,0.0,0,0
EA_Model.Model.Class Model.com.boardgamegeek.util.ActivityUtils,8,37,32,6,0,0,0,0,0,0,0,0,0,0,0,0,0,0,0,0,0,0,6,0,0,0,0.0,0.0,0,0
EA_Model.Model.Class Model.com.boardgamegeek.util.AnimationUtils,0,2,2,0,0,0,0,0,0,0,0,0,0,0,0,0,0,0,0,0,0,0,0,0,0,0,0.0,0.0,0,0
EA_Model.Model.Class Model.com.boardgamegeek.util.AutoCompleteAdapter,4,6,5,0,1,0,0,0,0,0,0,0,0,0,0,0,0,0,0,0,0,0,0,0,0,0,0.0,0.0,0,0
EA_Model.Model.Class Model.com.boardgamegeek.util.BuddyUtils,1,2,2,0,0,0,0,0,0,0,0,0,0,0,0,0,0,0,0,0,0,0,0,0,0,0,0.0,0.0,0,0
EA_Model.Model.Class Model.com.boardgamegeek.util.ColorUtils,27,8,5,2,2,0,0,0,0,0,0,0,0,0,0,0,0,0,0,0,0,0,0,0,0,0,0.0,0.0,0,0
EA_Model.Model.Class Model.com.boardgamegeek.util.CursorUtils,0,14,13,0,14,0,0,0,0,0,0,0,0,0,0,0,0,0,0,0,0,0,0,0,0,0,0.0,0.0,0,0
EA_Model.Model.Class Model.com.boardgamegeek.util.DateTimeUtils,3,10,9,0,0,0,0,0,0,0,0,0,0,0,0,0,0,0,0,0,0,0,0,0,0,0,0.0,0.0,0,0
EA_Model.Model.Class Model.com.boardgamegeek.util.DetachableResultReceiver,2,4,3,1,0,0,0,0,0,0,0,0,0,0,0,0,0,1,3,3,1,6,1,0,0,0,0.0,0.0,0,0
EA_Model.Model.Class Model.com.boardgamegeek.util.FileUtils,0,4,3,0,1,0,0,0,0,0,0,0,0,0,0,0,0,0,0,0,0,0,0,0,0,0,0.0,0.0,0,0
EA_Model.Model.Class Model.com.boardgamegeek.util.ForumsUtils,10,0,0,0,0,0,0,0,0,0,0,0,0,0,0,0,0,0,0,0,0,0,0,0,0,0,0.0,0.0,0,0
EA_Model.Model.Class Model.com.boardgamegeek.util.HelpUtils,7,3,3,0,1,0,0,0,0,0,0,0,0,0,0,0,0,0,0,0,0,0,0,0,0,0,0.0,0.0,0,0
EA_Model.Model.Class Model.com.boardgamegeek.util.HttpUtils,4,5,3,0,1,0,0,0,0,0,0,0,0,0,0,0,0,0,0,0,0,0,0,0,0,0,0.0,0.0,0,0
EA_Model.Model.Class Model.com.boardgamegeek.util.ListTagHandler.Ol,0,0,0,0,0,1,0,0,0,0,0,0,0,0,0,0,0,0,0,0,0,0,0,0,0,0,0.0,0.0,0,0
EA_Model.Model.Class Model.com.boardgamegeek.util.ListTagHandler.Ul,0,0,0,0,0,1,0,0,0,0,0,0,0,0,0,0,0,0,0,0,0,0,0,0,0,0,0.0,0.0,0,0
EA_Model.Model.Class Model.com.boardgamegeek.util.ListTagHandler,9,6,1,0,1,0,0,0,0,0,0,0,0,0,0,0,0,0,0,0,0,0,0,0,0,0,0.0,0.0,0,0
EA_Model.Model.Class Model.com.boardgamegeek.util.LogUtils,3,16,15,0,0,0,0,0,0,0,0,0,0,0,0,0,0,0,0,0,0,0,0,0,0,0,0.0,0.0,0,0
EA_Model.Model.Class Model.com.boardgamegeek.util.NetworkUtils,0,6,5,0,6,0,0,0,0,0,0,0,0,0,0,0,0,0,0,0,0,0,0,0,0,0,0.0,0.0,0,0
EA_Model.Model.Class Model.com.boardgamegeek.util.NotificationUtils,8,7,6,0,0,0,0,0,0,0,0,0,0,0,0,0,0,0,0,0,0,0,3,0,0,0,0.0,0.0,0,0
EA_Model.Model.Class Model.com.boardgamegeek.util.PreferencesUtils,7,56,45,0,27,0,0,0,0,0,0,0,0,0,0,0,0,0,0,0,0,0,0,0,0,0,0.0,0.0,0,0
EA_Model.Model.Class Model.com.boardgamegeek.util.ResolverUtils,1,20,17,0,2,0,0,0,0,0,0,0,0,0,0,0,0,0,0,0,0,0,0,0,0,0,0.0,0.0,0,0
EA_Model.Model.Class Model.com.boardgamegeek.util.SelectionBuilder,8,27,24,0,3,0,0,0,0,0,0,0,0,0,0,0,0,0,0,0,0,75,0,0,0,0,0.0,0.0,0,0
EA_Model.Model.Class Model.com.boardgamegeek.util.StringUtils,0,14,14,0,3,0,0,0,0,0,0,0,0,0,0,0,0,0,0,0,0,0,0,0,0,0,0.0,0.0,0,0
EA_Model.Model.Class Model.com.boardgamegeek.util.TableBuilder.Column,7,2,0,1,0,1,0,0,0,0,0,0,0,0,0,0,1,2,0,1,0,0,0,0,0,0,0.0,0.0,0,0
EA_Model.Model.Class Model.com.boardgamegeek.util.TableBuilder,6,18,14,3,0,0,0,0,0,0,0,0,0,0,0,0,0,2,0,0,1,24,0,0,0,0,0.0,0.0,0,0
EA_Model.Model.Class Model.com.boardgamegeek.util.UIUtils,4,9,9,3,1,0,0,0,0,0,0,0,0,0,0,0,0,0,0,0,0,0,0,0,0,0,0.0,0.0,0,0
EA_Model.Model.Class Model.com.boardgamegeek.util.VersionUtils,0,12,11,0,11,0,0,0,0,0,0,0,0,0,0,0,0,0,0,0,0,0,0,0,0,0,0.0,0.0,0,0
EA_Model.Model.Class Model.com.boardgamegeek.util.actionmodecompat.ActionMode,1,11,11,4,4,0,0,2,2,0,0,1,0,0,0,0,0,0,0,0,0,26,4,0,0,0,0.0,0.0,0,0
EA_Model.Model.Class Model.com.boardgamegeek.util.actionmodecompat.ActionModeBase.ContextMenuDialog,1,3,3,0,0,1,0,0,0,0,0,0,0,0,0,0,0,1,0,1,1,0,0,0,0,0,0.0,0.0,0,0
EA_Model.Model.Class Model.com.boardgamegeek.util.actionmodecompat.ActionModeBase,7,11,8,2,2,0,0,0,0,1,1,0,11,1,0,0,1,3,1,0,4,0,4,0,0,0,0.0,0.0,0,0
EA_Model.Model.Class Model.com.boardgamegeek.util.actionmodecompat.ActionModeHoneycomb,1,9,7,2,2,0,0,0,0,1,1,0,11,1,0,0,0,0,0,0,0,0,3,0,0,0,0.0,0.0,0,0
EA_Model.Model.Class Model.com.boardgamegeek.util.actionmodecompat.SimpleMenu,3,31,28,4,5,0,0,0,0,0,0,0,0,0,0,0,2,2,0,2,0,1,11,0,0,0,0.0,0.0,0,0
EA_Model.Model.Class Model.com.boardgamegeek.util.actionmodecompat.SimpleMenuItem,8,43,43,20,19,0,0,0,0,0,0,0,0,0,0,0,1,1,0,0,1,0,25,0,0,0,0.0,0.0,0,0
EA_Model.Model.Class Model.com.mobeta.android.dslv.DragSortController,31,29,29,7,4,0,0,0,0,1,1,0,5,4,0,0,1,1,0,0,1,0,4,0,0,0,0.0,0.0,0,0
EA_Model.Model.Class Model.com.mobeta.android.dslv.DragSortController,31,29,29,7,4,0,0,0,0,1,1,0,5,4,0,0,1,1,0,0,1,0,4,0,0,0,0.0,0.0,0,0
EA_Model.Model.Class Model.com.mobeta.android.dslv.DragSortCursorAdapter,3,19,17,0,8,0,0,0,0,0,0,0,0,0,0,0,0,0,0,0,0,0,0,0,0,0,0.0,0.0,0,0
EA_Model.Model.Class Model.com.mobeta.android.dslv.DragSortCursorAdapter,3,19,17,0,8,0,0,2,4,0,0,2,0,0,0,0,0,0,0,0,0,0,0,0,0,0,0.0,0.0,0,0
EA_Model.Model.Class Model.com.mobeta.android.dslv.DragSortItemView,1,5,3,1,1,0,0,0,0,0,0,0,0,0,0,0,0,0,0,0,0,0,0,0,0,0,0.0,0.0,0,0
EA_Model.Model.Class Model.com.mobeta.android.dslv.DragSortItemView,1,5,3,1,1,0,0,2,2,0,0,1,0,0,0,0,0,0,0,0,0,0,0,0,0,0,0.0,0.0,0,0
EA_Model.Model.Class Model.com.mobeta.android.dslv.DragSortItemViewCheckable,0,4,4,1,1,0,0,0,0,1,1,0,5,1,0,0,0,0,0,0,0,0,0,0,0,0,0.0,0.0,0,0
EA_Model.Model.Class Model.com.mobeta.android.dslv.DragSortItemViewCheckable,0,4,4,1,1,0,0,0,0,1,1,0,5,1,0,0,0,0,0,0,0,0,0,0,0,0,0.0,0.0,0,0
EA_Model.Model.Class Model.com.mobeta.android.dslv.DragSortListView.AdapterWrapper,1,12,12,0,10,1,0,0,0,0,0,0,0,0,0,0,0,0,0,0,0,0,0,0,0,0,0.0,0.0,0,0
EA_Model.Model.Class Model.com.mobeta.android.dslv.DragSortListView.DragScroller,14,6,6,0,2,1,0,0,0,0,0,0,0,0,0,0,0,0,0,0,0,0,0,0,0,0,0.0,0.0,0,0
EA_Model.Model.Class Model.com.mobeta.android.dslv.DragSortListView.DragSortTracker,5,5,5,0,0,1,0,0,0,0,0,0,0,0,0,0,0,2,0,2,0,0,0,0,0,0,0.0,0.0,0,0
EA_Model.Model.Class Model.com.mobeta.android.dslv.DragSortListView.DropAnimator,4,5,4,0,1,1,0,0,0,1,1,0,8,8,0,0,0,0,0,0,0,0,0,0,0,0,0.0,0.0,0,0
EA_Model.Model.Class Model.com.mobeta.android.dslv.DragSortListView.HeightCache,3,4,4,0,1,1,0,0,0,0,0,0,0,0,0,0,0,0,0,0,0,0,0,0,0,0,0.0,0.0,0,0
EA_Model.Model.Class Model.com.mobeta.android.dslv.DragSortListView.LiftAnimator,2,3,3,0,0,1,0,0,0,1,1,0,8,8,0,0,0,0,0,0,0,0,0,0,0,0,0.0,0.0,0,0
EA_Model.Model.Class Model.com.mobeta.android.dslv.DragSortListView.RemoveAnimator,8,4,4,0,0,1,0,0,0,1,1,0,8,8,0,0,0,0,0,0,0,0,0,0,0,0,0.0,0.0,0,0
EA_Model.Model.Class Model.com.mobeta.android.dslv.DragSortListView.SmoothAnimator,8,8,8,0,0,1,0,0,0,0,0,0,0,0,0,0,0,0,0,0,0,0,0,0,0,0,0.0,0.0,0,0
EA_Model.Model.Class Model.com.mobeta.android.dslv.DragSortListView,77,70,31,12,7,0,0,0,0,0,0,0,0,0,0,0,2,14,1,3,12,8,6,0,0,0,0.0,0.0,0,0
EA_Model.Model.Class Model.com.mobeta.android.dslv.DragSortListView.AdapterWrapper,1,12,12,0,10,1,0,0,0,0,0,0,0,0,0,0,0,2,0,2,0,0,0,0,0,0,0.0,0.0,0,0
EA_Model.Model.Class Model.com.mobeta.android.dslv.DragSortListView.DragScroller,14,6,6,0,2,1,0,0,0,0,0,0,0,0,0,0,0,2,0,2,0,0,0,0,0,0,0.0,0.0,0,0
EA_Model.Model.Class Model.com.mobeta.android.dslv.DragSortListView.DragSortTracker,5,5,5,0,0,1,0,0,0,0,0,0,0,0,0,0,0,0,0,0,0,0,0,0,0,0,0.0,0.0,0,0
EA_Model.Model.Class Model.com.mobeta.android.dslv.DragSortListView.DropAnimator,4,5,4,0,1,1,0,0,0,1,1,0,8,8,0,0,0,2,0,2,0,0,0,0,0,0,0.0,0.0,0,0
EA_Model.Model.Class Model.com.mobeta.android.dslv.DragSortListView.HeightCache,3,4,4,0,1,1,0,0,0,0,0,0,0,0,0,0,0,2,0,2,0,0,0,0,0,0,0.0,0.0,0,0
EA_Model.Model.Class Model.com.mobeta.android.dslv.DragSortListView.LiftAnimator,2,3,3,0,0,1,0,0,0,1,1,0,8,8,0,0,0,2,0,2,0,0,0,0,0,0,0.0,0.0,0,0
EA_Model.Model.Class Model.com.mobeta.android.dslv.DragSortListView.RemoveAnimator,8,4,4,0,0,1,0,0,0,1,1,0,8,8,0,0,0,2,0,2,0,0,0,0,0,0,0.0,0.0,0,0
EA_Model.Model.Class Model.com.mobeta.android.dslv.DragSortListView.SmoothAnimator,8,8,8,0,0,1,0,6,6,0,0,1,0,0,0,0,0,0,0,0,0,0,0,0,0,0,0.0,0.0,0,0
EA_Model.Model.Class Model.com.mobeta.android.dslv.DragSortListView,77,70,31,12,7,0,0,0,0,0,0,0,0,0,0,0,0,12,0,0,12,0,6,0,0,0,0.0,0.0,0,0
EA_Model.Model.Class Model.com.mobeta.android.dslv.ResourceDragSortCursorAdapter,3,7,7,2,0,0,0,2,2,1,1,1,19,3,0,0,0,0,0,0,0,0,0,0,0,0,0.0,0.0,0,0
EA_Model.Model.Class Model.com.mobeta.android.dslv.ResourceDragSortCursorAdapter,3,7,7,2,0,0,0,0,0,1,1,0,19,3,0,0,0,0,0,0,0,0,0,0,0,0,0.0,0.0,0,0
EA_Model.Model.Class Model.com.mobeta.android.dslv.SimpleDragSortCursorAdapter,6,15,14,5,3,0,0,0,0,2,2,0,26,6,0,0,0,2,0,0,2,0,4,0,0,0,0.0,0.0,0,0
EA_Model.Model.Class Model.com.mobeta.android.dslv.SimpleDragSortCursorAdapter,6,15,14,5,3,0,0,0,0,2,2,0,26,6,0,0,0,2,0,0,2,0,4,0,0,0,0.0,0.0,0,0
EA_Model.Model.Class Model.com.mobeta.android.dslv.SimpleFloatViewManager,4,5,5,1,0,0,0,0,0,0,0,0,0,0,0,0,0,0,0,0,0,0,0,0,0,0,0.0,0.0,0,0
EA_Model.Model.Class Model.com.mobeta.android.dslv.SimpleFloatViewManager,4,5,5,1,0,0,0,2,2,0,0,1,0,0,0,0,0,0,0,0,0,0,0,0,0,0,0.0,0.0,0,0
EA_Model.Model.Class Model.se.emilsjolander.stickylistheaders.AdapterWrapper,7,25,19,2,13,0,0,1,1,0,0,1,0,0,0,0,2,3,0,1,2,0,5,0,0,0,0.0,0.0,0,0
EA_Model.Model.Class Model.se.emilsjolander.stickylistheaders.CheckableWrapperView,0,4,4,1,1,0,0,0,0,1,1,0,8,5,0,0,0,0,0,0,0,0,0,0,0,0,0.0,0.0,0,0
EA_Model.Model.Class Model.se.emilsjolander.stickylistheaders.SectionIndexerAdapterWrapper,1,4,3,0,3,0,0,0,0,1,1,0,25,7,0,0,0,0,0,0,0,0,1,0,0,0,0.0,0.0,0,0
EA_Model.Model.Class Model.se.emilsjolander.stickylistheaders.StickyListHeadersListView.AdapterWrapperDataSetObserver,0,2,2,0,0,1,0,0,0,0,0,0,0,0,0,0,0,1,0,1,0,0,0,0,0,0,0.0,0.0,0,0
EA_Model.Model.Class Model.se.emilsjolander.stickylistheaders.StickyListHeadersListView.AdapterWrapperHeaderClickHandler,0,1,1,0,0,1,0,0,0,0,0,0,0,0,0,0,0,0,0,0,0,0,0,0,0,0,0.0,0.0,0,0
EA_Model.Model.Class Model.se.emilsjolander.stickylistheaders.StickyListHeadersListView.WrapperListScrollListener,0,2,2,0,0,1,0,0,0,0,0,0,0,0,0,0,0,0,0,0,0,0,0,0,0,0,0.0,0.0,0,0
EA_Model.Model.Class Model.se.emilsjolander.stickylistheaders.StickyListHeadersListView.WrapperViewListLifeCycleListener,0,1,1,0,0,1,0,0,0,0,0,0,0,0,0,0,0,0,0,0,0,0,0,0,0,0,0.0,0.0,0,0
EA_Model.Model.Class Model.se.emilsjolander.stickylistheaders.StickyListHeadersListView,20,94,79,31,32,0,0,0,0,0,0,0,0,0,0,0,2,6,1,1,6,1,7,0,0,0,0.0,0.0,0,0
EA_Model.Model.Class Model.se.emilsjolander.stickylistheaders.WrapperView,5,8,3,0,3,0,0,1,1,0,0,1,0,0,0,0,0,0,0,0,0,3,0,0,0,0,0.0,0.0,0,0
EA_Model.Model.Class Model.se.emilsjolander.stickylistheaders.WrapperViewList,6,12,5,3,2,0,0,0,0,0,0,0,0,0,0,0,1,2,0,1,1,0,1,0,0,0,0.0,0.0,0,0
